"","Taxon","Sequence"
"1","Alexandrium_2b2","ATTAAGCACTTCTTTCATGAGTTTATCACCTTCAAGTACAGGAAATCTTATCTTTGGATTATTAATCTCTGGTGTATCCTCATGTCTCACATCTCTTAACTTTTGGACAACAATTCTAAATCTGAGATCTTATTATCTGACATTAAAGACTATGCCATTATTCCCTTGGGCTCTCTTGATCACAGGAGGAATGCTTTTATTAACATTACCAATCTTATCAGGAGCTTTTCTAATGGTCTTGGCTGATCTTCATTCTAATACACTTTTCTTTGATCCAATCTTTGGAGGAGATCCTATATTCTATCAACACTTATTT"
"2","Alexandrium_3fc","ATTAAGCACTTCTTTCATGAGTTTATCACCTTCAAGTACAGGAAATCTTATCTTTGGATTATTAATCTCAGGTATATCCTCATGTCTCACATCTCTTAACTTTTGGACAACAATTCTAAATCTGAGATCTTATTATCTGACATTAAAGACTATGCCATTATTCCCTTGGGCTCTCTTGATTACAGGAGGAATGCTTTTATTAACATTACCAATCTTATCAGGAGCTTTTCTAATGGTCTTGGCTGATCTTCATTCTAATACACTTTTCTTTGATCCAATCTTTGGAGGAGATCCTATATTCTATCAACACTTATTT"
"3","Chaetoceros_00e","TTTATCTAGTGGTACCTCGCATTCAGGAGGTGCTGTTGATTTAGCTATTTTTAGTTTACACTTATCAGGAGCTTCATCAATTTTAGGTGCTATAAACTTTATTTGTACTATTTTTAATATGCGAGTTAAAAGTTTATCATTTCATAAGTTACCACTATTTGTATGGGCTGTATTAATAACAGCATTTTTACTTTTATTATCATTACCTGTTTTAGCGGGAGCTATTACAATGTTATTAACTGATAGAAATTTCAATACAACTTTTTTTGATCCAGCAGGTGGAGGTGATCCTATTTTATACCAACATTTATTT"
"4","Chaetoceros_163","ATTATCTAGTGGAACCTCACACTCGGGTGGTGCTGTGGATTTAGCTATTTTTAGTTTACACTTATCTGGAGCTTCTTCTATTTTAGGAGCAATTAACTTTATTTGTACTATTTTTAATATGAGAGTAAAAAGTTTGGCTTTCCACAAGTTACCTTTGTTTGTTTGGGCAGTATTAATAACTGCGTTTTTATTATTACTATCGTTACCAGTATTAGCGGGAGCTATTACAATGTTATTAACTGACCGAAATTTTAACACCACATTTTTTGATCCTGCAGGGGGTGGTGACCCTGTATTATACCAGCACTTGTTT"
"5","Chaetoceros_17e","ATTATCTAGTGGAACCTCACACTCGGGTGGTGCTGTGGATTTAGCTATTTTTAGTTTACACTTATCTGGAGCTTCTTCTATTTTAGGAGCAATTAACTTTATTTGTACTATTTTTAATATGAGAGTTAAAAGTTTATCATTTCATAAATTACCTTTATTTGTATGGGCAGTGTTAATTACAGCATTTTTACTTTTATTATCACTACCAGTATTAGCAGGTGCTATTACAATGTTATTAACTGATAGAAATTTCAATACAACCTTTTTTGATCCAGCAGGAGGAGGTGACCCAATTTTATACCAACATTTATTT"
"6","Chaetoceros_211","TTTATCAAGCGGTACTGCGCATTCAGGTGGAGCTGTTGATTTAGCAATTTTTAGTTTGCACTTATCAGGTGCTTCGTCAATTTTAGGAGCAATCAACTTTATTTGTACAATTTTTAATATGAGAGTTAAAAGTTTATCATTCCATAAATTACCTTTATTTGTTTGGTCTGTTTTAATAACAGCATTTTTACTTTTGTTATCTTTACCTGTTCTAGCTGGCGCTATTACTATGCTATTAACAGATAGAAATTTTAACACAACTTTTTTTGATCCAGCAGGTGGAGGTGATCCAGTTTTATACCAGCATTTATTT"
"7","Chaetoceros_4f5","TTTATCAAGTGGTACATCACATTCAGGAGGTGCAGTAGATTTAGCTATTTTCAGTTTACACTTATCAGGAGCATCTTCTATTTTAGGTGCAATTAATTTTATATGTACTATTTTTAACATGCGTGTTAAAAGTTTATCGTTTCATAAACTTCCTTTATTTGTATGGGCTGTTTTAATTACAGCATTTTTATTATTGTTATCACTACCTGTTTTAGCTGGAGCAATTACAATGTTATTAACAGATCGAAATTTTAATACTACTTTCTTTGATCCAGCAGGTGGTGGAGACCCTGTATTATATCAACATTTATTC"
"8","Chaetoceros_559","TCTATCTAGTATCACAGCCCACTCAGGTGGAGCCGTAGACTTAGCTATTTTTAGTTTACATGTTTCAGGAGCATCTTCAATTTTAGGTGCTATTAATTTTATTTGTACCATTTTTAACATGCGAGTAAAAAGTTTATCATTTCATAAACTTCCTTTATTTGTTTGGGCAGTTTTAATTACTGCATTTTTATTATTGTTATCTTTACCTGTTTTAGCTGGTGCGATTACTATGCTATTAACTGACCGGAATTTTAACACTACTTTTTTTGATCCTGCTGGTGGAGGTGACCCTGTTTTATATCAACATTTATTT"
"9","Chaetoceros_56d","TTTATCGAGCGGAACATCACATTCAGGCGGGGCTGTTGATTTAGCAATTTTTAGTTTACACTTATCAGGAGCATCTTCTATTTTAGGTGCAATAAACTTTATATGTACTATATTTAATATGCGTGTTAAAAGTTTATCGTTTCATAAATTACCTTTGTTTGTATGGGCTGTTTTAATAACAGCTTTTCTGTTATTACTATCATTACCTGTATTAGCAGGTGCGATTACAATGTTATTAACAGATAGAAATTTCAATACAACTTTTTTTGATCCAGCAGGTGGTGGAGATCCTGTTTTATATCAACATTTATTT"
"10","Chaetoceros_584","TTTATCTAGCGGTACATCACACTCAGGTGGAGCTGTAGATTTAGCTATTTTTAGTTTACACTTATCTGGGGCTTCATCAATTTTAGGAGCTATTAACTTTATTTGTACTATTTTTAATATGAGAGTTAAAAGTTTATCATTTCATAAATTACCTTTATTTGTATGGGCAGTGTTAATTACAGCATTTTTACTTTTATTATCACTACCAGTATTAGCAGGTGCTATTACAATGTTATTAACTGATAGAAATTTCAATACAACCTTTTTTGATCCAGCAGGAGGAGGTGACCCAATTTTATACCAACATTTATTT"
"11","Chaetoceros_6c2","TTTATCTAGTGGTACTGCACATTCAGGTGGAGCTGTAGATTTAGCTATTTTTAGCTTACATGTTTCTGGAGCATCTTCAATATTAGGAGCTATTAATTTTATTTGTACTATTTTCAATATGAGAGTAAAAAGTTTATCATTCCATAAACTTCCTTTATTTGCTTGGTCAGTTTTAATCACTGCTTTTTTATTATTATTATCTTTACCAGTTTTAGCAGGAGCTATCACTATGCTTTTAACAGATAGAAATTTTAATACTACTTTTTTTGATCCCGCAGGTGGAGGTGATCCAATTTTATACCAACATTTATTT"
"12","Chaetoceros_734","TTTATCAAGTGGTACATCACATTCAGGAGGTGCAGTAGATTTAGCTATTTTCAGTTTACACTTATCAGGAGCATCTTCTATTTTAGGTGCAATTAATTTTATATGTACTATTTTTAACATGCGTGTTAAAAGTTTATCGTTTCATAAACTTCCTTTATTTGTATGGGCTGTTTTAATTACAGCATTTTTATTATTGTTATCACTACCTGTTTTAGCTGGAGCAATTACGATGTTATTAACAGATCGAAATTTTAATACTACTTTCTTTGATCCAGCAGGTGGTGGAGACCCTGTATTATATCAACATTTATTC"
"13","Chaetoceros_788","TTTATCAAGCGGTACTTCGCATTCAGGTGGTGCCGTTGACTTGGCTATTTTTAGTCTACACCTTTCAGGAGCTTCTTCGATTTTAGGTGCTATTAATTTTATTTGTACAATTTTTAACATGAGAGTAAAAAGTCTTTCTTTTCATAAATTACCTTTATTTGTATGGGCAGTTTTAATTACAGCGTTTTTACTTCTTTTATCATTGCCTGTTCTAGCGGGCGCTATCACAATGCTATTAACTGATAGAAATTTCAATACAACCTTTTTTGATCCAGCAGGAGGAGGTGACCCAATTTTATACCAACATTTATTT"
"14","Chaetoceros_83a","TTTATCTAGCGGAACTTCGCATTCAGGTGGGGCTGTTGATTTAGCAATTTTTAGTTTACACTTATCAGGAGCATCTTCTATTTTAGGTGCAATAAACTTTATATGTACTATATTTAATATGCGTGTTAAAAGTTTATCGTTTCATAAATTACCTTTGTTTGTATGGGCCGTTTTAATAACAGCTTTTCTGTTATTACTATCATTACCCGTATTAGCAGGTGCAATTACGATGCTATTAACAGATAGAAATTTTAATACAACTTTTTTTGATCCTGCAGGTGGTGGAGATCCTGTTCTATATCAGCATTTATTT"
"15","Chaetoceros_a8e","TCTATCTAGTATCACAGCCCACTCAGGTGGAGCCGTAGACTTAGCTATTTTTAGTTTACATGTTTCAGGAGCATCTTCAATTTTAGGTGCTATTAATTTTATTTGTACCATTTTTAACATGCGAGTAAAAAGTTTATCATTTCATAAACTTCCTTTATTTGTTTGGGCAGTTTTAATTACTGCATTTTTATTATTGTTATCTTTACCTGTTTTAGCTGGTGCGATTACTATGCTATTAACTGACCGTAATTTTAACACTACTTTTTTTGATCCTGCTGGTGGAGGTGACCCTGTTTTATATCAACATTTATTT"
"16","Chaetoceros_ab3","TTTATCTAGTGGTACTTCACATTCAGGAGGTGCTGTTGATTTAGCTATTTTTAGTTTACACTTATCAGGAGCTTCATCAATTTTAGGTGCTATAAACTTTATTTGTACAATCTTTAACATGCGAGTTAAAAGTTTATCGTTCCATAAATTACCACTATTTGTATGGGCGGTATTAATAACAGCATTTTTACTTTTATTGTCATTACCTGTTTTAGCAGGCGCTATTACAATGTTATTAACAGATAGAAATTTCAATACAACATTCTTTGATCCTGCTGGTGGAGGTGACCCAATTTTATACCAACATTTATTT"
"17","Chaetoceros_ae1","TTTATCCAGTGGAACTGCTCATTCAGGAGGTGCTGTTGATTTAGCTATTTTTAGTTTACATTTATCAGGAGCATCTTCTATTTTGGGAGCTATAAATTTTATATGCACAATTTTTAATATGCGAGTTAAAAGTTTATCATTTCATAAATTGCCTTTATTCGTTTGGTCAGTTTTGATCACAGCTTTCTTGCTTCTTTTATCACTACCTGTTTTAGCCGGTGCTATTACTATGTTATTAACAGATCGTAATTTTAACACTACCTTTTTTGACCCTGCCGGTGGAGGTGATCCTGTTTTATATCAACATTTATTT"
"18","Chaetoceros_b14","TTTATCTAGTGGTACTGCACATTCAGGTGGAGCTGTAGATTTAGCTATTTTTAGCTTACATGTTTCTGGAGCATCTTCAATATTAGGAGCTATTAATTTTATTTGTACTATTTTCAATATGAGAGTAAAAAGTTTATCATTCCATAAACTTCCTTTATTTGCTTGGTCAGTTTTAATCACTGCTTTTTTATTATTATTATCTTTACCAGTTTTAGCAGGAGCTATCACTATGCTTTTAACAGATAGAAATTTTAATACTACTTTTTTTGATCCTGCAGGTGGAGGTGATCCAATTTTATACCAACATTTATTT"
"19","Chaetoceros_b25","TTTATCAAGCGGAACTTCTCATTCAGGAGGTGCTGTTGATTTAGCTATATTTAGTTTACATCTATCAGGAGCATCATCAATTTTAGGAGCTATAAATTTTATTTGTACAATTTTTAACATGAGAGTTAAAAGTTTATCTTTTCATAAATTACCGTTATTTGTTTGGTCAGTTTTAATTACAGCATTTTTATTATTACTTTCTTTACCTGTGTTGGCGGGAGCAATAACAATGCTATTAACTGATAGAAATTTTAACACTACCTTTTTTGACCCTGCGGGTGGAGGTGACCCTATATTATATCAACATTTATTT"
"20","Chaetoceros_c4f","TTTATCTAGTGGTACCTCGCATTCAGGAGGTGCTGTTGACTTAGCTATTTTTAGTTTACATTTATCAGGAGCTTCATCAATTTTAGGTGCTATAAACTTTATTTGTACTATTTTTAATATGCGAGTTAAAAGTTTATCATTTCATAAGTTACCACTATTTGTATGGGCTGTATTAATAACAGCATTTTTACTTTTATTATCATTACCTGTTTTAGCGGGAGCTATTACAATGTTATTAACTGATAGAAATTTCAATACAACTTTTTTTGATCCAGCAGGTGGAGGTGATCCTATTTTATACCAACATTTATTT"
"21","Chaetoceros_cc3","TTTATCTAGTGGTACTGCACATTCAGGTGGAGCTGTAGATTTAGCTATTTTTAGCTTACATGTTTCTGGAGCATCTTCAATATTAGGAGCTATTAATTTTATTTGTACTATTTTCAATATGAGAGTAAAAAGTTTATCATTCCATAAACTTCCTTTATTTGCTTGGTCAGTTCTAATCACTGCATTTTTATTATTATTATCTTTACCAGTTTTAGCAGGAGCTATCACTATGCTTTTAACAGATAGAAATTTTAATACTACTTTTTTTGATCCCGCAGGTGGAGGTGATCCAATTTTATACCAACATTTATTT"
"22","Chaetoceros_dcd","TTTATCAAGTGGAACTTCACATTCAGGTGGAGCTGTTGATTTAGCAATTTTTAGTTTACACTTATCAGGAGCATCTTCTATTTTAGGTGCAATAAACTTTATATGTACTATATTTAATATGCGTGTTAAAAGTTTATCGTTTCATAAATTACCTTTGTTTGTATGGGCTGTTTTAATAACAGCTTTTCTGTTATTACTATCATTACCTGTATTAGCAGGTGCGATTACAATGTTATTAACAGATAGAAATTTTAATACGACTTTTTTTGATCCTGCAGGTGGTGGAGATCCTGTTTTATATCAACATTTATTT"
"23","Chaetoceros_e58","TTTATCTAGTGGTACTGCACATTCAGGTGGAGCTGTAGATTTAGCTATTTTTAGCTTACATGTTTCTGGAGCATCTTCAATATTAGGAGCTATTAATTTTATTTGTACTATTTTCAATATGAGAGTAAAAAGTTTATCATTCCATAAACTTCCTTTATTTGCTTGGTCAGTTTTAATCACTGCATTCTTATTATTATTATCTTTACCAGTTTTAGCAGGAGCTATCACTATGCTTTTAACAGATAGAAATTTTAATACTACTTTTTTTGATCCCGCAGGTGGAGGTGATCCAATTTTATACCAACATTTATTT"
"24","Chaetoceros_ed1","ATTATCTAGTGGTACTTCTCACTCAGGAGGGGCTGTTGATTTAGCAATTTTTAGTTTACACTTATCAGGAGCGTCTTCTATTTTAGGCGCTATTAATTTTATTTGTACAATTTTTAATATGCGGGTAAAGAGTCTTGCATTTCACAAATTACCTTTATTTGTGTGGGCTGTTTTAATCACAGCGTTTCTATTATTACTTTCTTTACCAGTTTTAGCAGGAGCAATTACAATGCTGTTAACTGATAGAAATTTCAATACAACCTTTTTTGACCCTGCAGGAGGAGGAGATCCTGTTTTATACCAGCACTTATTT"
"25","Chaetoceros_edb","ATTATCAAGTGGTACAGCACATTCAGGTGGAGCTGTAGATTTAGCTATTTTTAGTTTACATGTTTCTGGAGCATCTTCAATATTAGGAGCTATTAATTTTATTTGTACTATCTTTAATATGAGAGTAAAAAGTTTATCATTTCATAAACTTCCGTTATTTGCTTGGTCAGTTTTAATTACTGCATTTTTATTATTGTTATCTTTACCAGTTTTAGCGGGAGCTATTACTATGCTTTTAACTGATAGAAATTTTAATACTACTTTCTTTGATCCTGCAGGTGGAGGTGATCCAATTTTATACCAACATTTATTT"
"26","Chaetoceros_efa","TTTATCGAGTGGTACATCACATTCAGGTAGTGCCGTAGATTTAGCTATTTTTAGTTTACATATTTCAGGAGCTTCTTCTATTTTAGGTGCAATTAATTTTATTTGTACCATTTTTAATATGCGAGTTAAAAGTTTATCATTCCATAAATTACCATTATTTGTATGGTCTGTTTTAATAACAGCATTTTTACTACTATTATCTTTACCAGTTTTAGCAGGTGCAATCACTATGTTATTAACTGATAGAAATTTCAATACTACATTTTTTGATCCTGCTGGAGGAGGTGACCCTGTTTTATATCAACATTTATTT"
"27","Chattonella_135","ATTAAGTAGTGTTCAAGCACACTCTGGGCCTTCAGTTGACTTAGCAATCTTTAGTCTTCACTTATCGGGGGCTGCATCAATTTTAGGAGCAATAAACTTTATTACTACTATTTTTAATATGCGAGCACCAGGTATGACAATGCATAGATTACCACTGTATGTTTGGTCTATTTTAATTACTTCATTCCTTTTACTTCTTTCTTTACCCGTATTAGGAGGAGCAATTACTATGTTATTAACTGATAGAAATTTTAATACTTCATTCTTTGATCCAGCTGGTGGAGGTGATCCAATTTTATTTCAACATTTATTT"
"28","Chattonella_13c","ATTAAGTAGTGTTCAAGCACACTCTGGGCCTTCAGTTGACTTAGCAATCTTTAGTCTTCACTTATCGGGGGCTGCATCAATTTTAGGGGCAATAAACTTTATTACTACCATCTTTAATATGCGCGCACCGGGTATGACAATGCATAGATTACCACTGTATGTTTGGTCTATTTTAATTACTTCATTCCTTTTACTTCTGTCTTTACCCGTATTAGGAGGAGCAATTACTATGTTATTGACTGATAGAAATTTTAATACTTCATTCTTTGACCCAGCTGGTGGAGGAGATCCAATTTTATTTCAACATTTATTT"
"29","Chattonella_e0f","ATTAAGTAGTGTTCAAGCACACTCTGGGCCTTCAGTTGACTTAGCAATCTTTAGTCTTCACTTATCGGGGGCTGCATCAATTTTAGGGGCAATAAACTTTATTACTACCATCTTTAATATGCGCGCACCGGGTATGACAATGCATAGGTTACCACTGTATGTTTGGTCTATTTTAATTACTTCATTCCTTTTACTTCTGTCTTTACCCGTATTAGGAGGAGCAATTACTATGTTATTGACTGATAGAAATTTTAATACTTCATTCTTTGACCCAGCTGGTGGAGGAGATCCAATTTTATTTCAACATTTATTT"
"30","Chrysochromulina_18f","ATTAGCTAGTATTCAAGCACATTCAGGTGGTTCTGTTGATTGTGCTATTTTTTCATTACATATTGCTGGTGTATCTTCTATTTTAGGTGCTATTAATTTTATTGTTACAATTAGTAATATGCGTGCACCAGGAATGACTGCAAATAGAACACCTTTATTTGTTTGAGCTGTTTTTATTACTGCTTTTTTACTTTTATTATCATTACCGGTTTTAGCTGGTGCAATAACAATGTTATTGACTGATCGTAATTTTAATACATCTTTTTTTGATCCAAACGGTGGTGGTGATCCTGTTTTATACCAACATTTATTT"
"31","Chrysochromulina_34d","ATTGTCAGGAATTCAAGCACATTCCGGTGGTTCTGTTGATTGTGCTATTTATTCGCTTCATCTAGCTGGTGTTTCTTCAATTTTAGGAGCAATCAACTTCATTGTTACAATCACTAACATGCGTGCTCCAGGAATGACTGCTAATCGAACTCCTTTGTTCGTTTGAGCTGTTTATATTACAGCATTTTTACTTTTGCTTTCTTTACCGGTGCTTGCTGGTGCAATCACAATGTTACTGACAGACCGTAATTTTAACACCTCTTTTTTTGATCCAAACGGTGGAGGTGATCCCGTTTTGTACCAACACCTGTTC"
"32","Chrysochromulina_75f","TTTAGCTGGTATTCAAGCTCATTCAGGTGGTTCTGTTGACTGTGCTATTTATTCACTTCACTTAGCAGGTGTTTCTTCAATTTTAGGTGCTATTAATTTTATTGTTACAATTACAAATATGCGTGCACCTGGAATGACTGCAAACCGTACACCTCTTTTTGTTTGAGCAGTATACATTACTGCATTCTTACTATTACTTTCTTTACCTGTACTTGCAGGAGCAATTACAATGTTACTTACAGATCGTAACTTTAATACTTCTTTCTTTGATCCTAACGGTGGTGGTGATCCTGTTTTATACCAACACTTGTTT"
"33","Chrysochromulina_7aa","TTTGTCTGGCATTCAAGCTCATTCAGGCGGTTCTGTTGATTGCGCAATTTACTCGTTGCATTTAGCCGGTGTTTCTTCAATTTTAGGCGCAATTAATTTTATTGTAACAATAACTAATATGCGTGCACCTGGACTATCTGCTAATCGAACGCCTCTTTTTGTTTGAGCTGTTTATATTACAGCGTTTTTATTGTTACTTTCTTTACCCGTTTTAGCTGGTGCAATTACGATGTTGCTAACTGATCGTAATTTTAACACTTCATTCTTTGATGCGAATGGCGGTGGTGACCCTGTATTGTATCAACACTTATTT"
"34","Dinophysis_2bc","ATTAAGCACTTCTTTCTTGAGTTTATCACCTTCAAGTACAGGAAATCTTATCTTTGGATTATTAATCTCAGGAATCTCCTCATGTCTCACATCTCTTAACTTTTGGACAACAATTTGAAATCTGAGATCTTATTACTTAACATTAAAGACTATGCCATTATTCCTTTGGTCTCTCTTGATTACAGGAGGAATGCTTTTATTAACATTACCAATCTTATCAGGAGCTCTTCTAATGGTCACAGCTGATCTTCATTCTAATACACTTTTCTTTGATCCAATCTTTGAAGGAGATCCTATATTCTATCAACACTTATTT"
"35","Dinophysis_2d8","ATTAAGCACTTCTTTCTTGAGTTTATCACCTTCAAGTACAGGAAATCTTATCTTTGGATTATTAATCTCAGGAATCTCCTCATGTCTCACATCTCTTAACTTTTGGACAACAATTATAAATCTGAGATCTTATTACTTAACATTAAAGACTATGCCATTATTCCTTTGGTCTCTCTTGATTACAGGAGGAATGCTTTTATTAACATTACCAATCTTATCAGGAGCTCTTCTAATGGTCACAGCTGATCTTCATTCTAATACACTTTTCTTTGATCCAATCTTTGAAGGAGATCCTATATTCTATCAACACTTATTT"
"36","Dinophysis_a88","ATTAAGCACTTCTTTCTTGAGTTTATCACCTTCAAGTACAGGAAATCTTATCTTTGGATTATTAATCTCAGGAATCTCCTCATGTCTCACATCTCTTAACTTTTGGACAACAATTCTAAATCTGAGATCTTATTACTTAACATTAAAGACTATGCCATTATTCCTTTGGTCTCTCTTGATTACAGGAGGAATGCTTTTATTAACATTACCAATCTTATCAGGAGCTCTTCTAATGGTCACAGCTGATCTTCATTCTAATACACTTTTCTTTGATCCAATCTTTGAAGGAGATCCTATATTCTATCAACACTTATTT"
"37","Gonyaulax_564","ATTAAGCACTTCTTTCATGAGTTTATCACCTTCAAGTTTGGGAAATCTTATCTTTGGATTATTAATCTCAGGTATATCCTCATGTCTCACATCTCTTAACTTTTGGACAACAATTCTAAATCTGAGATCTTATTATCTGACATTAAAGACTATGCCATTATTCCCTTGAGCTCTCTTGATTACAGGAGGAATGCTTTTATTAACATTACCAATCTTATCAGGAGCTCTTCTAATGGTCTTGGCTGATCTTCATTCTAATACACTTTTCTTTGATTCAATCTTTGGAGGAGATCCTATATTCTATCAACACTTATTT"
"38","Gymnodinium_e25","ATTAAGCACTTCTTTCATGGGTTTATCACCTTCAAGTACAGCTTTCATGGTCTTTGGATTATTAATGTCAGGTATATCCTCATCTCTCACATCTCTTAACTTTTGGACAACAATTCTAAATCTGAGATCTTATTATCTGTCATTAAAGACTATACCATTATTCCCTTGGGCTCTCTTGATAACAGGAGGAATGCTTTTATTAACATTACCAATCTTATCTGGAGCTCTTCTAATGGTCTTGGCTGATATTCATTCTAATACACTTTTCTTTGATCCAATCTTTGGAGGTGATCCTATATTCTATCAACACTTATTT"
"39","Gymnodinium_eb3","ATTAAGCACTTCTTTCATGAGTTTATCACCTTCAAGTACAGCTTTCATGGTCTTTGGATTATTAATGTCAGGTATATCCTCATCTCTCACATCTGTTAACTTTTGGACAACAATTCTAAATCTGAGATCTTATTATCTGTCATTAAAGACTATACCATTATTCCCTTGGGCTCTCTTGATAACAGGAGGAATGCTTTTATTAACATTACCAATCTTATCTGGAGCTCTTCTAATGGTCTTGGCTGATCTTCATTCTAATACACTTTTCTTTGATCCAATCTTTGGAGGTGATCCTATATTCTATCAACACTTATTT"
"40","Hematodinium_19f","ATTAAGTACATCATTAATAAGTCTATCACCTATTGGAATTGATATTTTATTATATGGATTATTATTGTCAGGTATATCATCATGTCTAACATCTATTAATTTTATCGCTACAATTATAAATATGAGATGTTATAGTATGACATTATCGATTATGCCAGTATATACATGGTCTATAAATATTACAGGATTTCTATTGTTATTAACATTACCTATATTAACAGGAGCTCTTATAATGTCGTTAGCAGATCTTCATTATAATACAGTTTTCTTTAATCCAATATTTGGAGGCGATCCTGTACTTTATCAACATTTATTT"
"41","Hematodinium_43a","ATTAAGTACATCATTAATAAGTCTATCACCTATTGGAATTGATATTTTATTATATGGATTATTATTGTCAGGTATATCATCATGTCTAACATCTATTAATTTCATCGCTACAATTATAAATATGAGATGTTATAGTATGACATTATCGATTATGCCAGTATATACATGGTCTATAAATATTACAGGATTTCTATTGTTATTAACATTACCTATATTAACAGGAGCTCTTATAATGTCGTTAGCAGATCTTCATTATAATACAGTTTTCTTTAATCCAATATTTGGAGGCGATCCTGTACTTTATCAACATTTATTT"
"42","Hematodinium_449","ATTAAGTACATCATTAATAAGTCTATCACCTATTGGAATTGATATTTTATTATATGGATTATTATTGTCAGGTATATCATCATGTCTAACATCTATTAATTTCATCGCTACAATTATAAATATGAGATGTTATAGTATGACATTATCGATTATGCCAGTATATACATGGTCTATAAATATTACAGGATTTCTATTGTTATTAACATTACCTATATTAACAGGAGCTCTTATAATGTCGTTAGCAGATCTTCATTATAATACAGTTTTCTTTAATCCAATATTTGGAGGCGATCCTGTACTTTATCAACATTTCTTT"
"43","Hematodinium_a88","ATTAAGTACATCATTAATAAGTCTATCACCTATTGGAATTGATATTTTATTATATGGATTATTATTGTCAGGTATATCATCATGTCTAACATCTATTAATTTCATCGCTATAATTATAAATATGAGATGTTATAGTATGACATTATCGATTATGCCAGTATATACATGGTCTATAAATATTACAGGATTTCTATTGTTATTAACATTACCTATATTAACAGGAGCTCTTATAATGTCGTTAGCAGATCTTCATTATAATACAGTTTTCTTTAATCCAATATTTGGAGGCGATCCTGTACTTTATCAACATTTATTT"
"44","Heterocapsa_2f5","TCTATCTACTTCTTTCCTATCTCTATCCCCATCTTCTATGTACTTCCTACTATCTGGTCTACTAGTTTCTGGTCTATCTTCTGCTCTAACTTCTCTAAACTTCTTCCTAACAATTCTTAACATGCGTTGTTTCTCTATGAATCTAAAGCTACTACCTCTATTCAACTGGTCTATCCTAATTACTTCTGTCCTACTTCTATTCACTCTACCTGTTCTATCTGGTGCTGTCGTTATGATCCTATCCGATCTATCTGCTAATACACTATTCTATGATCCAATCTTCGGTGGTGATCCTGTTCTTTACCAGCATCTTTTC"
"45","Heterocapsa_49f","TCTATCTACTTCTTTCCTATCTCTATCTCCATCTTCTATGTATTTCCTACTATCTGGTCTACTAGTTTCTGGTCTATCTTCTGCTCTAACTTCTCTAAACTTCTTCCTAACAATTCTTAACATGCGTTGTTTCTCTATGAATCTAAAGCTACTACCTCTATTCAACTGGTCTATCCTAATTACTTCTGTCCTACTTCTACTAACTCTACCTGTTCTATCTGGTGCTGTCGTTATGATCCTATCCGATCTATCTGCTAATACACTATTCTATGATCCAATCTTCGGTGGTGATCCTGTTCTTTACCAGCATCTTTTC"
"46","Heterocapsa_56d","TCTATCTACTTCTTTCCTATCTCTATCCCCATCTTCTATGTATTTCCTACTATCTGGTCTACTAGTTTCTGGTCTATCTTCTGCTCTAACTTCTCTAAACTTCTTCCTAACAATTCTTAACATGCGTTGTTTCTCTATGAATCTAAAGCTACTACCTCTATTCAACTGGTCTATCCTAATTACTTCTGTCCTACTTCTACTAACTCTACCTGTTCTATCTGGTGCTGTCGTTATGATCCTATCCGATCTATCTGCTAATACACTATTCTATGATCCAATCTTCGGTGGTGATCCTGTTCTTTACCAACATCTTTTC"
"47","Heterocapsa_7b2","TCTATCTACTTCTTTCCTATCTCTATCCCCATCTTCTATGTACTTCCTACTATCTGGTCTACTAGTTTCTGGTCTATCTTCTGCTCTAACTTCTCTAAACTTCTTCCTAACAATTCTTAACATGCGTTGTTTCTCTATGAATCTAAAGCTACTACCTCTATTCAACTGGTCTGTTCTAATTACTTCTGTCCTACTTCTATTCACTCTACCTGTTCTATCTGGTGCTGTCGTTATGATCCTATCCGATCTATCTGCTAATACACTATTCTATGATCCAATCTTCGGTGGTGATCCTGTTCTTTACCAGCATCTTTTC"
"48","Heterocapsa_995","TCTATCTACTTCTTTCCTATCTCTATCCCCATCTTCTATGTATTTCCTACTATCTGGTCTACTAGTTTCTGGTCTATCTTCCGCATTAACATCTCTAAATTTCTTCCTAACAATCCTTAACATGCGTTGCTTCTCTATGAATCTAAAACTTCTACCTCTATTTAACTGGTCTATTATTATTACTTCTGTTCTACTACTATTCACTCTACCTGTCCTATCTGGTGCAGTTGTTATGATCCTTTCTGATCTTTCTTGCAATACTCTATTCTATGACCCTATTTTCGGTGGTGATCCAGTCCTATACCAACACCTTTTC"
"49","Heterocapsa_adc","TCTATCTACTTCTTTCCTATCTCTATCCCCATCTTCTATGTATTTCCTACTATCTGGTCTACTAGTTTCTGGTCTATCTTCTGCTCTAACTTCTCTAAACTTCTTCCTAACAATTCTTAACATGCGTTGTTTCTCTATGAATCTAAAGCTACTACCTCTATTCAACTGGTCTATCCTAATTACTTCTGTCCTACTTCTACTAACTCTACCTGTTCTATCTGGTGCTGTCGTTATGATCCTATCCGATCTATCTGCTAATACACTATTCTATGATCCAATCTTCGGTGGTGATCCTGTTCTTTACCAGCATCTTTTC"
"50","Heterocapsa_ba5","TCTATCTACTTCTTTCCTATCTCTATCTCCATCTTCTATGTATTTCCTACTATCTGGTCTACTAGTTTCTGGTCTATCTTCTGCTCTAACTTCTCTAAACTTCTTCCTAACAATTCTTAACATGCGTTGTTTCTCTATGAATCTAAAGCTACTACCTCTATTCAACTGGTCTATCCTAATTACTTCTGTCCTACTTCTACTAACTCTACCTGTTCTATCTGGTGCTGTCGTTATGATCCTATCCGATCTATCTGCTAATACACTATTCTATGATCCAATCTTCGGTGGTGATCCTGTTCTTTACCAACATCTTTTC"
"51","Heterocapsa_ddc","TCTATCTACTTCTTTCCTATCTCTATCCCCATCTTCTATGTATTTCCTACTATCTGGTCTACTAGTTTCTGGTCTATCTTCCGCATTAACATCTCTAAATTTCTTCCTAACAATCCTTAACATGCGTTGCTTCTCTATGAATCTAAAACTTCTACCTCTATTTAACTGGTCTATTATTATTACTTCTGTTCTACTACTATTCACTCTACCTGTCCTATCTGGTGCAGTCGTTATGATCCTTTCTGATCTTTCTTGCAATACTCTATTCTATGACCCTATTTTCGGTGGTGATCCAGTCCTATACCAACACCTTTTC"
"52","Heterosigma_c9e","ATTAAGTAGCGCTCAAGCTCACTCAGGACCGTCGGTAGATTTAGCTATTTTCAGTTTACACGTTTCAGGAGCAGCATCAATTTTAGGGGCAATTAATTTTATTACCACTATTTTAAACATGCGAGCACCTGGTATGACCATGCATCGACTACCGTTGTTTGTGTGGGCTGTGTTTATTACTGCAATTTTATTATTATTATCGTTACCAGTATTAGCAGGAGCAATTACTATGTTATTAACTGATCGAAATTTCAACACTACCTTTTACGATCCGGCAGGAGGAGGAGACCCTGTATTGTATCAACATTTATTT"
"53","Karlodinium_057","ATTAAGTACTTCTTTCATGAGTTTATCACCTTCAACTACAGCTTATCTTATCTTTGGATTATTAATGTCAGGTATATCTTCATGTCTAACTTCTATTAACTTTTTTATTACAATTCTTAATCTGAGATCTTATTATCTTACATTAAAGACTATGCCATTATTCCCATGGTCTCTTTTGATAACAGGAGGAATGCTATTATTAACATTACCAATCTTATCAGGTGCATTACTAATGGTCTTGGCTGATCTTCATTGTAATTCATCATTCTTTGATCCAATCTTTGGAGGAGATCCTATATTCTATCAACATTTATTT"
"54","Karlodinium_69b","ATTAAGCACTTCTTTCATGAGTTTATCACCTTCAACCACAGCTTATCTTATCTTTGGATTATTAATGTCAGGTATATCCTCATGTCTCACTTCTATTAACTTTTTTATTACAATTCTTAATCTGAGATCTTATTATCTTACATTAAAGACTATGCCATTATTCCCATGGTCTCTCTTGATAACAGGAGGAATGCTATTATTAACATTACCAATCTTATCAGGTGCATTCCTAATGGTCTTGGCTGATCTTCATTCTAATTCACTTTTCTTTGATCCAATCTTTGGAGGAGATCCTATATTCTATCAACACTTATTT"
"55","Karlodinium_8ed","ATTAAGCACTTCTTTCATGAGTTTATCACCTTCAACTACAGCTTATCTTATCTTTGGATTATTAATGTCAGGTATATCCTCATGTCTAACTTCTATTAACTTTTTTATTACAATTCTTAATCTGAGATCTTATTATCTTACATTAAAGACTATGCCATTATTCCCATGGTCTCTTTTGATAACAGGAAGAATGCTATTATTAACATTACCAATCTTATCAGGTTCTCTATTAATGGTCTCTGCTGATCTTCATTGTAATTCATCATTCTTTGATCCAATCTTTGGAGGAGATCCTATATTCTATCAACATTTATTT"
"56","Karlodinium_a27","ATTAAGCACTTCTTTCATGAGTTTATCACCTTCAACTACAGCTTATCTTATCTTTGGATTATTAATGTCAGGTATATCCTCATGTCTAACTTCTATTAACTTTTTTATTACAATTCTTAATCTGAGATCTTATTATCTTACATTAAAGACTATGCCATTATTCCCATGGTCTCTTTTGATAACAGGAGGAATGCTATTATTAACATTACCAATCTTATCAGGTGCATTACTAATGGTCTTGGCTGATCTTCATTGTAATTCACTTTTCTTTGATTCAATCTTTGGAGGAGATCCTATATTCTATCAACATTTATTT"
"57","Karlodinium_abe","ATTAAGCACTTCTTTCATGAGTTTATCACCTTCAACTACAGCTTATCTTATCTTTGGATTATTAATGTCAGGTATATCCTCATGTCTAACTTCTATTAACTTTTTTATTACAATTCTTAATCTGAGATCTTATTATCTTACATTAAAGACTATGCCATTATTCCCATGGTCTCTTTTGATAACAGGAGGAATGCTATTATTAACATTACCAATGTTATCAGGTGCATTACTAATGGTCTTGGCTGATCTTCATTCTAATTCATCATTCTTTGATCCAATCTTTGGAGGAGATCCTATATTCTATCAACATTTATTT"
"58","Nitzschia_010","TTTATCAGGAATTATCGCTCACTCAGGAGGTGCTGTTGATTTAGCTATTTTCAGTTTACACCTTTCAGGTGCTGCGTCTATTCTAGGTGCTATTAATTTCATCTGTACTATTGTGAACATGAGAACTGAAAGCTTACCATTTCACAAATTACCTTTATTTGTTTGGTCAGTGTTTTTAACAGCAATTCTTTTATTATTATCTCTACCAGTGTTAGCAGGTGCTATTACAATGTTATTAACTGATAGAAATTTCAATACAACATTCTTTGATCCAGCAGGTGGTGGTGATCCAGTTCTTTACCAGCACTTATTT"
"59","Nitzschia_065","TTTATCAGGTATTATTGCACACTCTGGTGGTGCCGTTGATTTAGCTATTTTCAGTTTACACCTTTCAGGTGCTGCTTCTATTTTAGGTGCGATTAATTTTATTTGTACAATTGTAAACATGAGAACCGAGAGTTTACCATTCCACAAATTACCTTTATTTGTATGGTCAGTGTTTTTAACAGCAATTCTTCTATTATTATCTTTACCTGTACTAGCAGGTGCTATTACAATGCTACTGACTGATAGAAATTTTAATACAACTTTTTTTGATCCAGCAGGTGGTGGTGATCCAGTTCTTTACCAGCATTTGTTT"
"60","Nitzschia_089","CCTTTCAGGTATAATAGCTCATTCAGGTGGTGCTGTTGATTTGGCTATTTTCAGTTTACACCTTTCAGGTGCTGCATCTATTCTAGGTGCAATTAATTTCATCTGTACTATTGTAAACATGAGAACTGAAAGTTTACCATTTCATAAGTTACCATTATTTGTATGGTCAGTTTTTTTAACAGCAATTTTATTATTACTGTCTTTACCAGTATTAGCAGGTGCTATTACTATGTTATTGACTGATAGAAATTTCAACACTACTTTTTTCGACCCAGCAGGTGGTGGTGATCCAGTTCTTTACCAGCATTTGTTT"
"61","Nitzschia_0c1","TTTATCTGGTATTATTGCTCACTCTGGTGGTGCTGTTGATCTTGCAATTTTTAGTTTACATTTATCAGGAGCTGCTTCGATTTTAGGAGCAATTAATTTTATTTGTACTATTGTAAATATGCGAACTGACAGTTTACCTTTCCATAAATTACCGTTGTTTGTGTGGGCAGTTTTCATTACAGCTATTCTTCTACTATTGTCTCTACCTGTTTTAGCTGGTGCCATAACTATGTTACTGACAGATCGGAATTTTAATACTACTTTTTTTGACCCTGCAGGTGGTGGTGATCCAGTTTTATATCAGCATTTATTC"
"62","Nitzschia_2bb","TTTATCAGGTATTATTGCACACTCTGGTGGTGCCGTTGATTTAGCTATTTTCAGTTTACACCTTTCAGGTGCTGCTTCTATTTTAGGTGCGATTAATTTTATTTGTACAATTGTAAACATGAGAACCGAGAGTTTACCATTCCACAAATTACCTTTATTTGTATGGTCAGTGTTTTTAACAGCAATTCTTCTATTATTATCTTTGCCTGTACTAGCAGGTGCTATTACAATGTTACTGACTGATAGGAATTTTAATACAACTTTTTTTGATCCAGCAGGTGGTGGTGATCCAGTTCTTTACCAGCATTTGTTT"
"63","Nitzschia_2da","TTTATCAGGTATTATTGCACACTCTGGTGGTGCTGTTGATTTAGCTATTTTCAGTTTACACCTTTCAGGTGCTGCTTCTATTTTAGGTGCGATTAATTTTATTTGTACAATTGTAAACATGAGAACTGAGAGTTTACCATTCCACAAATTACCTTTATTTGTGTGGTCGGTGTTTTTAACAGCAATCCTTCTATTATTATCTTTACCTGTACTAGCAGGTGCTATTACAATGTTACTGACTGATAGAAATTTTAATACAACTTTTTTTGATCCAGCAGGTGGTGGTGATCCAGTTCTTTACCAGCATTTGTTT"
"64","Nitzschia_371","TTTATCAGGTATTATTGCACACTCTGGTGGTGCTGTTGATTTAGCTATTTTTAGTTTACACCTTTCAGGTGCTGCTTCTATTTTAGGTGCGATTAATTTTATTTGTACAATTGTAAACATGAGAACTGAGAGTTTACCATTCCACAAATTACCTTTATTTGTATGGTCAGTGTTTTTAACAGCAATTCTTCTATTATTATCTTTACCTGTACTAGCAGGTGCTATTACGATGTTACTGACTGATAGAAATTTTAATACAACTTTTTTTGATCCAGCAGGTGGTGGTGATCCAGTTCTTTACCAGCATTTGTTT"
"65","Nitzschia_456","ACTGTCGGGTGTTATCGCACACTCGGGAGGTTCGGTAGACTTAGCAATTTTCAGTCTTCACTTATCTGGAGCTGCGTCTATCTTAGGTGCAATTAATTTCATTTGTACTATTGTAAACATGCGAACAGAAAGCTTACCTTTCCATAAGCTACCTTTGTTTGTATGGTCTGTTTTCATTACTGCTATTTTATTATTATTATCGTTACCGGTATTAGCAGGAGCTATTACAATGCTGCTTACAGATCGAAATTTCAACACTACTTTTTTTGATCCAGCAGGTGGTGGAGATCCTGTATTATTCCAGCACTTATTC"
"66","Nitzschia_5b5","TTTATCAAGTATAACAGCACATTCAGGAGGATCTGTAGATTTAGCTATTTTCAGTCTTCATTTAGCAGGAGCTTCTTCTATTTTAGGAGCCATTAATTTTATTTGTACTATTGTTAACATGCGTACAGACAGTTTACCATTTCATAAATTACCTTTATTTGTTTGGTCTGTTCTTATTACTGCTGTATTATTACTATTATCTTTACCTGTTTTAGCAGGTGCAATTACAATGTTACTAACTGATAGAAATTTTAATACAACTTTTTTTGATCCAGCAGGTGGAGGTGATCCAGTTCTTTATCAGCATTTGTTT"
"67","Nitzschia_616","TTTATCAGGTATTATTGCACACTCTGGTGGTGCCGTTGATTTAGCTATTTTCAGTTTACACCTTTCAGGTGCTGCTTCTATTTTAGGTGCGATTAATTTTATTTGTACAATTGTAAACATGAGAACCGAGAGTTTACCATTCCACAAATTACCTTTATTTGTATGGTCAGTGTTTTTAACAGCAATTCTTCTATTATTATCTTTACCTGTACTAGCAGGTGCTATTACAATGTTACTGACTGATAGAAATTTTAATACAACTTTTTTTGATCCAGCAGGTGGTGGTGATCCAGTTCTTTACCAGCATTTGTTT"
"68","Nitzschia_682","TCTTTCTGGTATTATTGCGCACTCGGGAGGTTCTGTTGATTTAGCAATTTTCAGTCTTCATTTATCAGGAGCAGCATCTATTTTAGGAGCAATTAACTTTATTTGTACTATTGTGAATATGCGAACTGAAAGTCTGCCGTTTCATAAGTTACCTTTATTTGTTTGGGCAATTTTTATTACTGCAATTTTATTATTATTATCACTACCAGTATTAGCAGGTGCAATTACTATGTTATTAACTGATAGAAATTTTAATACTACTTTCTTTGATCCTGCTGGTGGAGGTGATCCTGTATTATATCAGCATTTATTC"
"69","Nitzschia_976","TTTATCTGGTATTATCGCACACTCTGGAGGTTCTGTAGATTTAGCAATTTTCAGTCTTCACTTATCGGGAGCAGCATCAATTCTAGGCGCAATTAATTTCATTTGTACTATTATCAATATGCGAACAGAAAGTTTACCATTCCACAAATTACCTTTATTTGTTTGGGCGGTATTCATTACTGCTATTCTACTGTTATTATCACTTCCTGTACTAGCAGGAGCAATTACTATGCTGCTAACAGATAGAAATTTTAACACTACTTTCTTTGACCCTGCAGGTGGAGGTGATCCAGTGTTATATCAGCACTTATTC"
"70","Nitzschia_978","TTTATCAGGTATTATTGCACACTCTGGTGGTGCCGTTGATTTAGCTATTTTCAGTTTACACCTTTCAGGTGCTGCTTCTATTTTAGGTGCGATTAATTTTATTTGTACAATTGTAAACATGAGAACCGAGAGTTTACCATTCCACAAATTACCTTTATTTGTATGGTCAGTGTTTTTAACAGCAATTCTTCTATTATTATCTTTGCCTGTACTAGCAGGTGCTATTACAATGTTACTGACTGATAGAAATTTTAATACAACTTTTTTTGATCCAGCAGGTGGTGGTGATCCAGTTCTTTACCAGCATTTGTTT"
"71","Nitzschia_990","CTTTCAGGTATAATAGCTCATTCAGGTGGTGCTGTTGATTTGGCTATTTTCAGTTTACACCTTTCAGGTGCTGCATCTATTCTAGGTGCAATTAATTTCATCTGTACTATTGTAAACATGAGAACTGAAAGTTTACCATTTCATAAGTTACCATTATTTGTATGGTCAGTTTTTTTAACAGCAATTTTATTATTACTGTCTTTACCAGTATTAGCAGGTGCTATTACTATGTTATTGACTGATAGAAATTTCAACACTACTTTTTTCGACCCAGCAGGTGGTGGTGATCCAGTTCTTTACCAGCATTTGTTT"
"72","Nitzschia_ba0","TTTATCAGGTATTATTGCACATTCTGGTGGTGCTGTTGATTTAGCTATTTTTAGTTTACACCTTTCAGGTGCTGCTTCTATTTTAGGTGCGATTAATTTTATTTGTACAATTGTAAACATGAGAACTGAGAGTTTACCATTCCACAAATTACCTTTATTTGTATGGTCAGTGTTTTTAACAGCAATTCTTCTATTATTATCTTTACCTGTACTAGCAGGTGCTATTACAATGTTACTGACTGATAGAAATTTTAATACAACTTTTTTTGATCCAGCAGGTGGTGGTGATCCAGTTCTTTACCAGCATTTGTTT"
"73","Nitzschia_bbc","TTTATCAGGTATTATTGCACACTCTGGTGGTGCTGTTGATTTAGCTATTTTCAGTTTACACCTTTCAGGTGCTGCTTCTATTTTAGGTGCGATTAATTTTATTTGTACAATTGTAAACATGAGAACTGAGAGTTTACCATTCCACAAATTACCTTTATTTGTGTGGTCGGTGTTTTTAACAGCAATCCTTCTATTATTATCTTTACCTGTACTAGCAGGTGCTATTACAATGTTACTGACTGATAGAAATTTTAATACAACTTTTTTTGATCCAGCAGGTGGGGGTGATCCAGTTCTTTACCAGCATTTGTTT"
"74","Nitzschia_bc0","TTTATCAGGTATTATTGCACACTCTGGTGGTGCTGTTGATTTAGCTATTTTCAGTTTACATCTTTCAGGTGCTGCTTCTATTTTAGGTGCGATTAATTTTATTTGTACAATTGTAAACATGAGAACTGAGAGTTTACCATTCCACAAATTACCTTTATTCGTATGGTCAGTGTTTTTAACAGCAATTCTTCTATTATTATCTTTACCTGTACTAGCAGGTGCCATTACAATGTTATTGACTGATAGAAATTTTAATACAACTTTTTTTGATCCAGCAGGTGGTGGTGATCCAGTTCTTTACCAGCATTTGTTT"
"75","Nitzschia_c26","TCTTTCAAGTATAACAGCGCATTCAGGAGGATCTGTGGATTTAGCGATTTTTAGTCTTCACCTATCTGGGGCTTCTTCTATTTTAGGAGCTATTAACTTTATCTGCACTATTTTTAACATGCGTACAGATAGCTTACCTTTCCACAAATTACCTTTATTTGTTTGGGCTGTTCTTATTACCGCAGTATTATTACTTTTATCTTTACCAGTTTTAGCAGGAGCTATCACAATGCTTTTAACTGATAGAAATTTTAATACAACTTTTTTTGACCCAGCTGGTGGAGGTGATCCAGTTCTTTATCAACATTTATTT"
"76","Nitzschia_c3f","TTTATCAGGTATTATTGCACACTCTGGTGGTGCTGTTGATTTAGCTATTTTTAGTTTACACCTTTCAGGTGCTGCTTCTATTTTAGGTGCGATTAATTTTATTTGTACAATTGTAAACATGAGAACTGAGAGTTTACCATTCCACAAATTACCTTTATTTGTATGGTCAGTGTTTTTAACAGCAATTCTTCTATTATTATCTTTACCTGTACTAGCAGGTGCTATTACAATGTTACTGACTGATAGAAATTTTAATACAACTTTTTTTGATCCAGCAGGTGGTGGTGATCCAGTTCTTTACCAGCATTTGTTT"
"77","Nitzschia_ceb","TTTATCAGGTATTATTGCACACTCTGGTGGTGCTGTTGATTTAGCTATTTTCAGTTTACACCTTTCAGGTGCTGCTTCTATTTTAGGTGCGATTAATTTTATTTGTACTATTGTTAACATGCGAACTGAGAGTTTACCATTCCATAAGTTACCTCTATTCGTATGGGCAGTATTTATTACCGCAATTTTATTGTTATTATCGTTACCAGTATTAGCAGGTGCAATTACCATGTTATTAACTGATAGAAATTTCAATACTACTTTCTTTGATCCAGCAGGTGGAGGTGATCCTGTATTGTATCAGCACTTATTC"
"78","Nitzschia_dca","TTTATCAGGTATTATTGCACACTCTGGTGGTGCTGTTGATTTAGCTATTTTCAGTTTACACCTTTCAGGTGCTGCTTCTATTTTAGGTGCGATTAATTTTATTTGTACAATTGTAAACATGAGAACTGAGAGTTTACCATTTCACAAATTACCTTTATTTGTATGGTCAGTGTTTTTAACAGCAATTCTTCTATTATTATCTTTACCTGTACTAGCAGGTGCTATTACAATGTTACTGACTGATAGAAATTTTAATACAACTTTTTTTGATCCAGCAGGTGGTGGTGATCCAGTTCTTTACCAGCATTTGTTT"
"79","Nitzschia_de4","TTTATCTGGTATTATTGCACACTCTGGAGGTTCTGTAGATTTAGCAATCTTCAGTCTTCACTTATCAGGAGCGGCATCAATTCTAGGAGCAATTAATTTTATTTGTACTATTATTAATATGCGAACAGAAAGTCTGCCATTCCATAAGTTACCTTTATTCGTTTGGGCAGTATTTATTACCGCAATTTTATTATTATTATCACTACCAGTTCTAGCGGGAGCAATTACTATGTTATTAACTGATAGAAATTTCAACACCACCTTCTTTGACCCTGCGGGTGGAGGTGATCCAGTGTTATATCAGCATTTATTC"
"80","Nitzschia_e7b","GTTATCAGGTGTTATAGCTCACTCTGGAGGTTCTGTAGATTTAGCAATTTTCAGCCTTCATTTATCTGGAGCTGCATCTATTTTAGGTGCAATTAATTTCATTTGTACTATTGTAAATATGCGAACAGAAAGTTTACCTTTCCATAAGTTACCTCTGTTTGTATGGTCTGTTTTCATTACTGCTATTTTACTCTTATTATCTTTACCCGTATTGGCAGGAGCGATTACAATGTTACTTACAGATAGAAATTTCAATACCACTTTTTTTGATCCAGCAGGTGGTGGCGATCCGGTATTATTCCAACATTTATTC"
"81","Nitzschia_e95","TCTTTCAAGTATAACAGCGCATTCAGGAGGATCTGTGGATTTAGCTATTTTTAGTCTTCACCTATCTGGGGCTTCTTCTATTTTAGGAGCTATTAACTTTATTTGCACTATTTTTAACATGCGTACAGATAGCTTACCTTTCCACAAATTACCTTTATTTGTTTGGGCTGTTCTTATTACCGCAGTATTATTACTTTTATCTTTACCAGTTTTAGCAGGAGCTATCACAATGCTTTTAACTGATAGAAATTTTAATACAACTTTTTTTGACCCAGCTGGTGGAGGTGATCCAGTTCTTTATCAACATTTATTT"
"82","Nitzschia_ead","TTTATCAGGCATTATTGCACACTCTGGTGGTGCTGTTGATTTAGCTATTTTCAGTTTACACCTTTCAGGTGCTGCTTCTATTTTAGGTGCGATTAATTTTATTTGTACAATTGTAAACATGAGAACTGAGAGTTTACCATTCCACAAATTACCTTTATTTGTATGGTCAGTGTTTTTAACAGCAATTCTTCTATTATTATCTTTACCTGTACTAGCAGGTGCTATTACAATGTTACTGACTGATAGAAATTTTAATACAACTTTTTTTGATCCAGCAGGTGGTGGTGATCCAGTTCTTTACCAGCATTTGTTT"
"83","Nitzschia_ee5","TTTATCAGGTATTATTGCACACTCTGGTGGTGCTGTTGATTTAGCTATTTTCAGTTTACATCTTTCAGGTGCTGCTTCTATTTTAGGTGCGATTAATTTTATTTGTACAATTGTAAACATGAGAACTGAGAGTTTACCATTCCACAAATTACCTTTATTTGTATGGTCAGTGTTTTTAACAGCAATTCTTCTATTATTATCTTTACCTGTACTAGCAGGTGCCATTACAATGTTATTGACTGATAGAAATTTTAATACAACTTTTTTTGATCCAGCAGGTGGTGGTGATCCAGTTCTTTACCAGCATTTGTTT"
"84","Nitzschia_fce","TCTTTCAGGTATTATTGCTCACTCTGGTGGTGCAGTTGATTTAGCTATTTTTAGCTTACACCTTTCAGGCGCTGCTTCTATTTTAGGTGCAATTAATTTCATTTGTACTATTGTAAATATGAGAACTGAAAGTTTACCATTCCACAAACTTCCTTTATTTGTATGGTCAGTATTTTTGACAGCTATTTTACTGTTATTGTCTTTACCGGTACTAGCGGGCGCTATTACAATGCTGTTAACAGATAGAAATTTCAATACAACCTTTTTTGATCCTGCAGGTGGTGGAGACCCTGTTCTTTACCAACATTTATTT"
"85","Phaeocystis_321","TTTGTCAGGAATTTTAGCTCATTCTGGCGGCGCTGTCGATTTAGCTATTTTTAGCTTACATTTGGCGGGTATTTCGTCTATTTTAGGAGCTATAAATTTTATTGTAACTATTTTAAACATGCGTTGTCCTGGTATGACTGCTCATAGAACACCTTTATTTGTTTGGGCTGTTTTTATAACAGCTTTTTTACTTTTGTTATCACTTCCTGTTTTAGCTGGCGCTATTACAATGTTATTAACAGATAGAAATTTTAATACGTCTTTCTTTGATCCAAACGGTGGTGGTGATCCTGTCTTATATCAGCATTTGTTT"
"86","Phaeocystis_4dc","GTTGTCTGGAATTTTAGCTCATTCCGGCGGTGCTGTTGATTTAGCTATTTTTAGCTTACATTTAGCTGGTATTTCTTCTATTTTGGGCGCTATAAATTTTATTGTAACGATTTTAAACATGCGTTGCCCCGGAATGGCTGCTCATAGAACACCCTTATTTGTTTGGGCTGTTTTTATTACAGCTTTTCTTCTTTTGCTCTCTCTTCCTGTTTTAGCTGGTGCTATTACTATGTTGTTAACCGATAGAAATTTTAATACTTCCTTTTTTGATCCCAGCGGTGGTGGTGATCCGGTTTTGTACCAACACTTATTT"
"87","Phaeocystis_8cd","GTTGTCTGGAATTTTAGCTCATTCCGGCGGTGCTGTTGATTTAGCTATTTTTAGCTTACATTTAGCTGGTATTTCTTCTATTTTGGGCGCTATAAATTTTATTGTAACTATTTTAAACATGCGTTGTCCTGGTATGACTGCTCATAGAACACCTTTATTTGTTTGGGCTGTTTTTATAACAGCTTTTTTACTTTTGTTATCACTTCCTGTTTTAGCTGGCGCTATTACAATGTTATTAACAGATAGAAATTTTAATACGTCTTTCTTTGATCCAAACGGTGGTGGTGATCCTGTCTTATATCAGCATTTGTTT"
"88","Phaeocystis_94b","TTTGTCAGGAATTTTAGCTCATTCTGGTGGCGCTGTCGATTTAGCTATTTTTAGCTTACATTTGGCGGGTATTTCGTCTATTTTAGGAGCTATAAATTTTATTGTAACTATTTTAAACATGCGTTGTCCTGGTATGACTGCTCATAGAACACCTTTATTTGTTTGGGCTGTTTTTATAACAGCTTTTTTACTTTTGTTATCACTTCCTGTTTTAGCTGGCGCTATTACAATGTTATTAACAGATAGAAATTTTAATACGTCTTTCTTTGATCCGAACGGTGGTGGTGATCCTGTCTTATATCAGCATTTGTTT"
"89","Phaeocystis_b1a","TTTGTCAGGAATTTTAGCTCATTCTGGTGGCGCTGTCGATTTAGCTATTTTTAGCTTACATTTGGCGGGTATTTCGTCTATTTTAGGAGCTATAAATTTTATTGTAACTATTTTAAACATGCGTTGTCCTGGTATGACTGCTCATAGAACACCTTTATTTGTTTGGGCTGTTTTTATAACAGCTTTTTTACTTTTGTTATCACTTCCTGTTTTAGCTGGCGCTATTACAATGTTATTAACAGATAGAAATTTTAATACGTCTTTCTTTGATCCAAACGGTGGTGGTGATCCTGTCTTATATCAGCATTTGTTT"
"90","Phaeocystis_c63","TTTGTCAGGAATTTTAGCTCATTCTGGTGGCGCTGTCGATTTAGCTATTTTTAGCTTACATTTGGCGGGTATTTCGTCTATTTTAGGAGCTATAAATTTTATTGTAACTATTTTAAACATGCGTTGTCCTGGTATGACTGCTCATAGAACACCTTTATTTGTTTGGGCTGTTTTTATAACAGCTTTTTTACTTTTGTTATCACTTCCTGTTTTAGCTGGAGCTATTACAATGTTATTAACAGATAGAAATTTTAATACGTCTTTCTTTGATCCAAACGGTGGTGGTGATCCTGTCTTATATCAGCATTTGTTT"
"91","Prorocentrum_747","ATTAAGCACTTCTTTCATGAGTTTATCACCTTCAAGTACAGGAAATCTTATCTTTGGATTATTAATCTCAGGTATATCCTCATGTCTCACATCTCTTAACTTTTGGACAACAATTCTAAATCTGAGCTCTTATTATCTGACATTAAAGACTATGCCATTATTCCCTTGAGCTCTCTTGATTACAGCAGGAATGCTTTTATTAACATTACCAATCTTATCAGGAGGTCTTCTAATGGTCTTGTCTGATCTTCAATCTAATACACTTTTCTTTGATCCAATCTTTGGAGGAGATCCTATATTCTATCAACACTTATTT"
"92","Pseudochattonella_af5","GTTAAGTAGTGTACAGGCACATTCAGGTCCTGCCGTTGATTTAGCGATTTTTAGTTTACACTTGTCTGGAGCTTCTTCAATTTTAGGAGCTATCAACTTTATTACAACAATCCTAAATATGCGTGCACCTGGAATGAGTATGCACCGTTTACCTTTAATGGTTTGGTCGGTTTTCATTACCGCTATACTACTACTTTTATCTTTACCTGTTTTAGCTGGTGCAATTACCATGCTTTTAACAGATAGAAACTTTAACACAACATTTTTTGATCCTGCTGGAGGAGGAGATCCTGTATTATATCAGCACCTTTTC"
"93","Pseudochattonella_f24","GTTAAGTAGTGTACAGGCGCATTCAGGTCCTGCCGTTGATTTAGCGATTTTTAGTTTACACTTGTCTGGAGCTTCTTCAATTTTAGGAGCTATCAACTTTATTACAACAATCCTAAATATGCGTGCACCTGGAATGAGTATGCACCGTTTACCTTTAATGGTCTGGTCGGTTTTCATTACCGCTATATTACTACTTTTATCTTTACCTGTTTTAGCTGGTGCAATTACCATGCTTTTAACAGATAGAAACTTTAACACAACATTCTTTGATCCGGCTGGAGGAGGAGATCCTGTACTATATCAGCACCTTTTC"
"94","Pseudonitzschia_220","TCTTTCAGGAGTTTTAGCTCATTCAGGAGGTTCTGTTGATTTGGCAATTTTCAGTCTTCACTTATCAGGTGCTGCGTCAATTTTAGGTGCAATTAATTTTATTTGTACTATTGTTAATATGCGAACTGAAAGTTTACCATTCCATAAACTTCCTTTATTTGTTTGGTCAGTGTTTATTACTGCGATCTTGTTACTGTTATCACTACCAGTTTTGGCAGGAGCAATTACAATGTTGTTAACAGATAGAAATTTTAACACAACATTTTTTGATCCAGCAGGTGGTGGAGATCCTGTCCTTTTTCAGCATTTATTT"
"95","Pseudonitzschia_4e5","ACTTTCAGGAGTTTTATCTCACTCAGGAGGGTCTGTTGATTTAGCAATTTTCAGTCTTCATTTATCAGGAGCAGCATCAATTTTAGGTGCAATTAATTTTATTTGTACAATTGTAAATATGCGAACAGAGAGTTTACCATTTCATAAACTTCCTTTATTCGTTTGGGCTGTTTTTATTACAGCTATTTTACTGTTACTATCGTTACCTGTTTTAGCAGGAGCGATTACAATGTTATTAACAGATAGAAATTTTAATACTACTTTCTTTGATCCAGCAGGTGGAGGAGATCCAGTTCTTTTCCAGCATTTGTTT"
"96","Pseudonitzschia_95f","TCTTTCTGGAGCTATTGCTCATTCTGGAGGGTCTGTCGATCTAGCAATTTTTAGTCTTCATTTATCTGGAGCTGCATCAATTTTAGGTGCAATTAATTTCATTTGTACCATTGTAAATATGCGAACTGAAAGTTTACCTTTCCACAAACTTCCTTTATTTGTGTGGGCTGTTTTCATTACCGCTATTTTACTTTTATTATCTCTACCTGTACTAGCTGGAGCAATTACAATGTTGTTGACTGATCGGAACTTTAACACAACTTTTTTTGATCCAGCAGGCGGAGGAGATCCTGTGCTATTCCAGCACTTATTC"
"97","Pseudonitzschia_d36","TCTTTCTGGAGTTTTATCCCACTCTGGAGGTTCTGTTGATTTAGCAATTTTCAGTCTTCATTTGTCTGGGGCAGCTTCTATTTTAGGAGCGATTAACTTCATTTGTACAATTGTAAATATGAGAACTGAAAGTTTACCATTCCACAAACTTCCTCTGTTTGTATGGGCAGTTTTCATTACTGCTATTTTATTACTTTTATCATTACCAGTTTTAGCTGGAGCAATTACAATGTTGTTAACTGACAGGAACTTTAATACTACATTTTTTGACCCTGCAGGTGGAGGTGATCCAGTACTTTTCCAACATTTATTC"
"98","Pseudonitzschia_d40","TCTTTCAAGTGTTTTATCTCACTCTGGAGGTTCTGTGGATTTAGCAATTTTCAGTCTTCACTTGTCAGGAGCAGCTTCAATTTTAGGTGCAATTAATTTTATTTGTACAATTGTAAATATGAGAACTGAGAGTTTACCATTTCATAAGCTTCCGTTATTTGTTTGGTCTGTTTTCATTACTGCCATTTTATTACTACTATCTTTACCTGTTCTAGCGGGTGCTATAACAATGTTATTGACCGACAGAAATTTCAATACCACTTTTTTTGATCCTGCAGGTGGAGGAGATCCTGTACTTTTTCAGCACTTATTT"
"99","Pseudonitzschia_e48","TCTTTCAGGAGTTTTATCTCATTCAGGAGGTTCTGTTGATCTAGCAATTTTTAGCCTTCATTTATCTGGGGCAGCGTCAATTTTAGGTGCGATCAATTTTATTTGTACTATTGTAAATATGAGAACTGAAAGTTTACCATTCCACAAACTTCCTTTATTTGTTTGGTCTGTTTTTATTACAGCCATTTTATTATTATTAGCACTACCTGTTTTAGCAGGAGCAATTACAATGTTATTAACTGATAGAAATTTCAATACTACCTTTTTTGATCCCGCAGGTGGAGGAGATCCTGTACTTTTTCAACATTTGTTT"
"100","Woloszynskia_584","ATTATCTACTTCTTTTATGACTTTATCACCTTCAAGTACAGGAAATCTTATCTTTGGATTATTAATCTCTGGTATATCCTCATGTCTTACATCTCTTAACTTTTGGATTACAATTCTAAATCTGAGATCTTATTATCTGACATTAAAGACTATCCCATTATTTCCTTGGGCTTTCTTGATTACAGCTTTCATGCTTTTATTAACATTACCAATTTTATCTGGTACACTTATTTTAATATTAGGTGATCTTCATTCTAATACACTTTTCTTTGATCCAATATTTGGAGGAGATCCTATATTCTATCAACACTTATTT"
