Hash,Sequence
005ce78d84a746ec91711b3afa977e60153d4807,ATTATCTAGTATTATGGCGCACTCTGGTGCGGCTGTAGATATTGGGATTTTTTCTTTACATCTAGCAGGAATTTCGTCGATTGCAGGTGCTGTCAATTTTATTACTACAATATACAATATGCGTTTACGAGGTCAGCATTTTTTACGTTTGCCCTTATTTGTTTGATCAATTTTAATTACAGCCATTTTATTATTATTATCAATGCCAGTTTTTGCAGGAGGTTTGACAATGCTTTTAACGGATAGAAATTTAAATACTTCATTTTTTGATCCCAACTTGGGAGGTGATCCAGTGCTATATCAGCATATTTTC
01ee0a9b3fc52f62b32ab58a9874b38733445786,TTTCAAGTGGTAATTCCCACTCGGGACCTGCCGTAGATTTAGCAATTTTTAGTCTTCATTTATCTGGAGCTGCTTCAATCTTAGGTGCTATAAATTTTATTTGTACCATACTAAACATGAGAACTAAAGGATTGTATATGCATAAACTACCTTTGTTTGCTTGGTCAATTTTAATTACTGCAGTTTTATTACTTTTATCGTTACCGGTTTTGGCTGGTGCTATTACAATGCTATTAACCGATAGGAATTTTAACACTACTTTTTTTGATCCTGCTGGAGGTGGTGATCCCGTATTATACCAACATTTGTTT
02042b9671ecd5cee509659401536e1eaa119648,ATTAGCAAGTATTGCTTTCCATTCAGGAGGAGCGGTTGATTGTGCAATTTTTTCACTACACTTAGCAGGAGCTTCTTCTATTCTTGGTGCTGTTAATTTCATTACAACAATTATTAACATGCGACCTCCAGGAATGACATTCCATAAAATGCCTTTATTTGTATGGTCTGTTTTAATTACAGCTGTTTTACTACTTCTTTCTTTACCGGTTCTTGCAGGAGCTATTACAATGCTTCTTACAGACCGTAACTTCAATACAACATTCTTTGATCCAGCTGGAGGAGGAGATCCTATTCTTTATCAACACCTATTC
05ffae7e8304f8eec6ba8d087502e140904c0147,ATTAGCCGGAAATCTAGCCCATGCTGGGGCTTCTGTAGATTTAGCTATCTTCTCCCTCCACCTAGCAGGTGTGTCATCCATTCTAGGGGCAATTAATTTCATCACCACAATTATCAATATGAAACCCCCAGCCTTATCTCAGTACCAAACCCCACTATTCGTTTGATCCGTAATAATTACAGCAGTCCTTCTTCTCCTATCACTGCCAGTCTTAGCAGCTGGCATCACAATGCTTCTAACAGACCGAAACCTAAATACAACATTTTTCGATCCTGCCGGAGGCGGGGACCCAATCCTATATCAACATCTCTTC
06726c1e8e496cb3c919669c40fe7f6b21288a2d,GTTAAGTAGTGTACAGGCACATTCAGGTCCTGCCGTTGGTTTAGCGATTTTTAGTTTACACTTGTCTGGAGCTTCTTCAATTTTAGGAGCTATCAACTTTATTACAACAATCCTAAATATGCGTGCACCTGGAATGAGTATGCACCGTTTACCTTTAATGGTTTGGTCGGTTTTCATTACCGCTATACTACTACTTTTATCTTTACCTGTTTTAGCTGGTGCAATTACCATGCTTTTAACAGATAGAAACTTTAACACAACATTTTTTGATCCTGCTGGAGGAGGAGATCCTGTATTATATCAGCACCTTTTC
0959216911c2a42646efe7ee05b06168cbecdc88,TTATCAAGAAATATCGCCCATTCGGGAGCATCGGTAGATTTATCTATTTTTTCTCTCCATTTAGCTGGAGCTTCATCTATTCTTGGAGCCATTAATTTTATATCAACAGTTATTAATATACGAGCAGAGACTTTAACGTTTGATCGTCTTCCTTTATTTGTGTGAAGTGTTTTTATTACTGTAATCTTACTTTTACTGTCTCTACCTGTATTAGCTGGAGCTATCACAATATTGCTGACAGATCGAAATTTGAATACATCATTTTTTGACCCCACTGGAGGGGGTGATCCAATTTTATACCAACACTTATTC
0cb9ccfcbf2bd84b2daab0a2eaec99032c594f94,GTTATCTAGCGGAAATTCGCACTCAGGCCCTGCGGTGGATTTAGCTATTTTTAGTTTACATCTATCAGGAGCCGCTTCTATTTTAGGCGCTATAAATTTTATTTGTACTATATTAAATATGCGTACTAAGGGTTTATATATGCACAAACTTCCTCTTTTTGCTTGGTCTATTTTGATTACTGCGGTGTTGCTTCTTCTTTCGTTACCTGTATTAGCAGGAGCAATAACAATGCTATTAACTGATCGAAATTTCAATACTACTTTTTTTGATCCTGCAGGTGGGGGTGATCCTGTCCTTTATCAACACTTATTC
0ceadacfd2b979a292316e1c657bc589a722ba00,ATTATCAAGTGTTCAAGCACACTCAGGACCTTCAGTTGACCTTGCTATTTTCAGTTTACACTTAGCAGGAGCTTCTTCTATTCTTGGTGCTGTTAATTTTATTACAACTATTATTAACATGCGACCTCCAGGAATGACATTCCACAAAATGCCATTATTCGTATGGTCAGTTCTTATTACAGCAGTTCTACTGCTTCTTTCTCTACCGGTTCTTGCAGGAGCTATTACAATGCTTCTTACAGACCATAACTTTAACACAACATTCTTTGATCCAGCAGGAGGAGGAGACCCTATTCTTTACCAACACCTGTTT
113c26752cb380611cc05d07c44d1dae6a190fc9,GCTTTCAGGGATTATCGCTCACTCGGGTGGTGCAGTAGACTTGGCAATTTTTAGTCTTCATTTGTCTGGTGCAGCATCTATTTTAGGTGCAATTAACTTTATCTGTACAATTGTTAACATGAGAACTGAAAGTCTTCCGTTCCACAAATTACCCTTATTTGTGTGGGCCGTTTTCATTACCGCGATTCTATTATTGTTATCTCTACCGGTGTTAGCAGGTGCTATTACTATGTTATTGACTGATAGAAATTTTAATACTACATTTTTTGATCCTGCAGGTGGAGGTGATCCTGTACTATACCAGCATTTGTTC
157867e79f99e89d9c1811af3d64cac9605a65e6,ATTATCTAGTGGTACATCACACTCAGGAGGTGCGGTTGATTTAGCAATTTTCAGTTTACATTTATCAGGAGCATCTTCTATTTTAGGTGCTATTAATTTTATTTGTACAATTTTTAACATGCGTGTGAAAAGTTTATCTTTTCATAAATTACCACTATTTGTTTGGGCTGTTTTAATTACCGCTTTTCTGTTATTATTGTCACTACCTGTTTTAGCTGGCGCAATTACCATGTTATTAACAGATAGAAATTTTAATACTACTTTTTTCGAAGTTGCAGGTGGAGGAGACCCTATATTGTACCAACATCTTTTC
17a9b83a2fc7678aff196e312c8182c28a7fb8ea,ATTATCCGGTGTACAAAGTCATAGTGGACCAAGTGTAGATTTAGCAATATTTGCTTTACACTTATCAGGAATAAGTAGTTTATTAGGTGCAATGAACTTTATTACTACAATACTTAATATGAGAAGCCCTGGTATAAGATTACATAAATTAGCCTTATTTGGGTGAGCAGTAGTTGTAACAGCTGTTTTATTACTATTATCTTTACCTGTATTAGCTGGCGGAATTACAATGATCTTAACAGATAGAAACTTTAATACATCATTCTTTGAAACAGCTGCAGGTGGTGATCCAATATTATATCAACATCTTTTC
17c09a85b99098ee76f681ab4afbeefa6ee79199,TTTGTCAGGCATAATAGCACATTCAGGTGGTGCGGTTGATTTAGCTATTTTCAGTTTACACCTGTCTGGCGCATCTTCTATTCTAGGTGCAATTAATTTTATCTGTACTATTGTAAATATGCGAACTGAAAGTCTCCCTTTCCACAAGCTACCTTTGTTTGTGTGGGCTGTTTTAATAACTGCCGTCCTGCTTTTATTATCACTTCCGGTTTTAGCAGCGGCTATCACAATGCTACTAACTGACCGGAATTTTAACACAACTTTTTTGACCCGGTAGGAGGAGGAGATCCTGTCTTATACCAGCATTTATTT
19fcf0abe6bd3d813412f0154dd7d53e9d6644d1,ATTAGCCGGAAACCTAGCCCACGCTGGAGCTTCTGTAGATTTAGCTATCTTCTCTCTCCACCTAGCGGGCGTGTCATCCATCCTAGGGGCTATCAACTTCATTACTACTATTATTAATATAAAACCACCAGCCCTGTCTCAATATCAAACACCACTGTTCGTTTGATCCGTAATAATTACAGCAGTTCTCCTTCTCCTTTCACTACCAGTCTTAGCAGCTGGCATTACAATACTTCTAACAGACCGAAACCTGAACACAACATTCTTTGACCCTGCCGGAGGTGGAGACCCAATCCTATACCAGCATCTTTTC
19fe2a78941a55bfa4f9fed5690ef7a577e9c060,ACTTTCAGGTAATTCTGCGCATTCTGGTCCTTCAGTAGATTTAGCTATTTTTAGTTTACATATTGCAGGTATTTCCTCAATTTTAGGTGCTATTAATTTCATTACTACAATTTTAAATATGAGAGCTCGAGGAGTTAGTATGCACAGATTAAACCTATTTTTATGATCTATTTTAATTACAGCATACTTATTACTATTATCACTTCCAGTTTTAGCTGGAGGTATTACAATGTTATTAACTGACCGTAATCTTGGAACTTCTTTCTTTGAACCAATTGGAGGAGGGGACCCCTTACTCTACCAACATCTATTT
1d450b19ed5e9bc464fa800b9dd4088cda68489c,GTTAAGTGGAATCCTAGCACATTCTGGAGGATCTGTAGATCTTGCAATTTTTAGTTTACACATTGCAGGTGCTTCTTCTATTTTAGGAGCGATAAATTTTATTGTAACGATTTTAAACATGAGAGCACCCGGTATGTCAGCACATAGGGTACCTTTATTTGTTTGAGCTGTTTTTATTACAGCTTTTTTACTCTTATTATCGTTACCTGTTTTAGCAGGAGCAATTACTATGCTTCTAACAGACAGAAATTTCAACACCGCTTTCTTTGACAGCCATGGTGGTGGAGATCCTGTTCTTTTTCAGCATCTTTTT
21105b3f029e3a07430722ae001b4b175fa728f7,ATTAGCTAGCGTACAAGCACACTCAGGGCCATCAGTGGATTTAGCAATTTTTAGTTTGCACTTAGCTGGTATTTCATCTATTTTAGGTGCTGCTAATTTTATTACTACTATCTTTAACATGCGTTGTCCTGGTACGACTTTACATAGAATGCCTTTATTTGTTTGAGCCGTATTAATTACTGCATTTTTATTATTACTATCATTACCAGTTTTAGCTGGTGCAATTACAATGCTTTTAACAGATCGAAATTTTGGTACCGCTTTTTATGATGCGCAAACAGGAGGAGATCCTGTTCTGTTCCAACACTTATTT
24dc6893f3ab6bdd63bb396afe498a9ada1ff2be,TCTTTCAAGTGCAACAGCTCATTCAGGAGGTTCCGTAGACTTAGCAATTTTTAGTTTACACGTTTCAGGTGCAAGTAGTATTTTAGGTGCAATCAACTTTATATGTACCATTTTTAATATGCGAGTGAAAAGTTTGTCATTTCACAACTTACCTCTTTTTGTTTGGGCTGTTTTAATTACAGCTTTTTTATTATTGTTGTCTTTACCTGTATTAGCTGGAGCGATAACAATGTTACTGACTGATAGAAACTTTAACACTACTTTTTTTGATCCAGCTGGGGGAGGAGATCCTGTACTGTATCAACATCTGTTT
2c2264ba63af810e7788c7e8ba04db96cada4cc1,TTTATCTGGTATTCAAGCGCACTCTGGAGGTTCTGTAGATTGTGCTATTTATTCTCTTCACCTTGCGGGTGTTTCTTCTATTTTAGGTGCTATTAACTTTATTGTTACAATTACAAATATGCGTGCGCCGGGTATGACAGCAAACCGTACACCTCTTTTTGTTTGAGCTGTGTATATTACAGCTTTTTTATTATTATTGTCGTTACCTGTATTAGCTGGAGCGATCACGATGCTTCTAACAGATCGTAATTTTAATACGTCTTCTTTTGACCCGAATGGTGGTGGTGATCCTGTTTTGTATCAACATCTTTTC
2c3e5be102a258df1a9daf111b6b64f6a45e097f,ATTATCAAGTATTAATGCACATTCAGGGGGTTCTGTTGATTTAGCGATTTTTAGTTTACATTTATCTGGTGCAGCTTCTATATTAGGAGCTATTAATTTTATTTGCACTATTTTTAACATGAGAGTAAAAAGTCTTTTTATGCATAGATTACCTTTGTTTGTTTGGGCAATATTAATAACTGCTTTTTTATTATTATTATCATTACCTGTATTAGCAGGAGCTATTACTATGCTTTTAACTGATAGAAATTTTAACACAACTTTTTTGATCCTGCTGGCGGAGGTGACCCTGTTTTATTTCAACATCTTTTC
2ca3b046c9e3a7b2f57de5efb892e5c2cd46a2ec,ATTAGCCGGAAACCTAGCTCACGCTGGAGCTTCTGTAGATTTAGCTATCTTCTCTCTCCACCTAGCGGGCGTATCATCCATCCTAGGGGCTATTAACTTCATTACCACCATTATTAATATAAAACCACCAGCCCTGTCTCAATATCAAACACCACTGTTCGTTTGATCCGTAATAATTACAGCAGTCCTCCTTCTCCTTTCACTACCAGTCTTAGCAGCTGGTATCACAATGCTTCTAACAGACCGAAACCTGAACACAACATTTTTCGATCCTGCCGGGGGCGGAGACCCAATCCTATATCAACATCTCTTC
2d667bd853fd3387e6b6f2113659ddc10ee7988a,GTTAAGTGGAATCCTAGCACATTCTGGAGGATCTGTAGATCTTGCAATTTTTAGTTTACACATTGCAGGTGCTTCTTCTATTTTAGGAGCGATAAATTTTATTGTAACGATTTTAAACATGAGAGCACCCGGTATGTCAGCACATAGGGTACCTTTATTTGTTTGAGCTGTTTTTATTACAGCTTTTTTACTCTTATTATCGTTACCTGTTTTAGCAGGAGCAATTACTATGCTTCTAACAGACAGAAATTTCAACACCGCTTTCTTTGACAGCCATGGTGGTGGAGATCCTGTTCTTTTTCGGCATCTTTTT
2f501dfc330dcbf2646bc53e7c9f2a8031d6dc70,TCTATCAAGAAATCTAGCTCATGCTGGACCATCAGTAGATCTAGCAATCTTTTCCCTTCATCTAGCAGGAGCTTCTTCCATTCTTGGAGCAGTAAATTTCATCACTACTGTCATCAATATACGATGACAAGGATTAAGGCTAGAACGAATTCCCTTATTCGTATGAGCAGTAGTAATTACAGTAGTTCTTCTTCTTCTATCACTCCCAGTTTTAGCTGGAGCAATTACTATACTACTAACTGATCGAAATCTAAACACATCATTCTTTGACCCAGCCGGTGGAGGAGACCCAGTTCTATATCAACACCTATTC
3054803bf0c7c56ac386ba6c8f3a9a9ddeceb9a7,ACTTTCAAGTGGTACGTCTCACTCTGGTGGAGCTGTTGATCTAGCTATCTTTAGTTTACATCTTTCAGGAGCTTCATCAATTTTAGGAGCAATTAACTTTATATGTACCATTTTTAATATGCGAGTGAAAAGTTTGTCATTTCACAACTTACCTCTTTTTGTTTGGGCTGTTTTAATTACAGCTTTTTTATTATTGTTGTCTTACCTGTATTAGCTGGAGCGATAACAATGTTACTGACTGATAGAAACTTTAATACTACCTTCTTTGACCCAGCTGGTGGCGGCGATCCTGTGCTATTTCAACATCTTTTT
314d99b8679e041aab41a5cf4c37b9b7dc8efe24,ATTAGCTGGAAATCTAGCCCACGCAGGAGCTTCAGTAGATTTAGCTATTTTCTCCCTCCACCTGGCAGGTGTGTCATCCATTCTAGGAGCTATTAATTTTATTACTACAATTATTAACATGAAACCACCGGCCCTAACTCAATACCAAACCCCACTATTCGTATGATCCGTAATAATTACAGCAGTCCTCCTTCTCCTTTCACTACCAGTCTTAGCAGCTGGCATTACAATACTTCTAACAGACCGAAACCTGAACACAACATTCTTTGACCCTGCAGGAGGTGGAGACCCAATCCTATATCAACATCTTTTC
382302e8b8329ed52e8b6914b3cd3f4de22dcb81,TTTATCTTCAAGAATTGCTCATAGAGGGGCTTCAGTAGACTTAGCCATCTTCTCCTTACACCTAGCAGGTGTCTCCTCTATCTTAGGGGCCATCAATTTCATCACAACAATTATCAATATAAAACCCCCTGCCATAACCCAATACCAAACGCCCCTCTTCGTCTGATCCGTCCTAATCACAGCAGTCCTACTTCTCCTATCTCTCCCAGTCCTAGCTGCTGGCATCACTATACTACTAACAGACCGCAACCTCAACACCACCTTCTTCGACCCCGCCGGAGGAGGAGACCCCATTCTATACCAACACCTATTC
38b0d7f6ae2f4e3aae3436e961c82911db829f2b,GCTTTCTGGTATAGAGACTCATTCAGGTGGAGCTGTAGATTTAGCTATTTTTAGTTTACACTTATCTGGGGCTTCATCAATTTTAGGAGCTATTAACTTTATTTGTACTATTGTAAATATGCGAACAGAGAGCCTGGCCCTTCATAAAATGCCTTTGTTTGTTTGGGCTATATTAATAACGGCAGTACTCCTCCTTCTTTCATTACCCGTATTGGCAGCAGCATTAACAATGCTGCTGACTGATAGAAATTTTAATACCACCTTTTTTGACCCTATAGGCGGTGGGGACCCTGTTCTTTATCAGCATTTGTTT
3b877aab36cfec9afde65b6fb7ca8bccb4f07236,ATTAGCTGGAAATCTGGCCCACGCTGGGGCTTCAGTAGATTTAGCTATCTTCTCCCTCCACCTAGCAGGTGTATCATCCATTCTAGGGGCAATTAATTTCATTACCACGATTATCAACATGAAACCCCCAGCCTTATCTCAATATCAAACCCCACTATTCGTTTGATCCGTAATAATTACAGCAGTCCTTCTTCTCCTTTCACTACCAGTCTTAGCAGCTGGTATCACAATGCTTCTAACAGACCGAAACCTGAACACAACATTTTTCGATCCTGCCGGGGGCGGAGACCCAATCCTATATCAACATCTCTTC
3d70241ac2e4ca1511fa43f432f7b5f5b7b7ca5c,ATTAAGTGGAATTAAATCTCATGCAGGTCCTGCTGTTGATTTAGCTATTCTTAGCATGCATTTAGCAGGTGCATCGTCGATCCTTGGTGCAATTAACATGATTGTTACAATCGTGAACATGCGTCCAGCTGGAATGACGATGTTTCGTATGCCATTATTTGTCTGATCTGTTCTTATTACTTCTATTCTGCTAGTCGTGGCTCTTCCTGCGTTAGCTGCTGGAATTACTATGATTTTAACTGATCGTCACTTTAATACTACATTCTTCTCTCCTGTCGGAGGTGGTGATCCTATTTTATTTCAGCACATTTTC
445a519ecc284e7e1b0f54a3f1327ce9c5a6eeb5,ACTATCTACTTCTGTGATTTCTTTATCGCCTTCTAGTACTGCTTACTTAATCTTTGGCTTATTAATTTAAGGTATTCCTTCTTGCCTGACATCTGTTAATTTATGGGTAACTATCTGGAATTTACGTTCGCCTTCTTTAACTCTTAAAAGTATAGAGTATTTCCTTGGGCACTAGCATTAACAGCAGCTATGTTGTTATTAACACTTCCTGTTTTAACAGGAGCATTACTTA
45b97f3316d452e0e4c278ea40d68d607c708fd4,TAAGTGGTATCGAGGCACACTCTGGTCCCGCAGTTGATTTCGGTATCTTCAGTCTGCACCTAGCAGGTATCTCTTCCCTTCTAGGAGCGATTAACTTTATCGTTACCATCTTTAATATGCGTGCTCAAGGTATGACCCTGCACACCATGCCCCTATTCGTTTGATCCATTCTTATTACTGCGTTCCTCCTGCTTCTATCTCTGCCTGTTCTGGCGGGCGGTATTACCATGCTTTTAATGGATCGTAATTTCAAGACTGTCTTCTTCAACCCCACTGGCGGAGGAGACCCTGTTCTGTACCAACACCTGTTC
4826b52966fecc07b6e091b646e859b54a83fcdf,TTTAAGAAGAAATTTAGGACACTCTGGAATAAGGGTTGATTTGACTATTTTTTCTCTTCATTTAGCGGGAATTTCTTCTTTACTAGGAGCAGTTAACTTTATTAGGACACTAGCAAACCTACGATGTTTAAGAATAAACTTGGACCGTATACCCTTATTTCCTTGAGCTGTTTTAATCACAGCTATTCTTCTTTTACTTTCTTTACCCGTCTTGGCGGCTGCCATTACTATGCTTTTGACAGACCGGAACTTAAACACAACATTTTATGATCCGAGAGGTGGGGGAGACCCTGTTCTTTACCAGCATTTATTC
4a2f0a94ede80c495264355874e444c15d106099,TTTGAGTTCGATTACTGGCCATAGTTCTCCTGCAGTAGATATGGCTATTTTTTCCCTTCACTTAGCTGGAGCTTCTTCAATACTTGGTGCAGTAAACTTCATTACCACTATTCTTAATATGAGAGCTCCTGGAATGACACTTCATAAAATGCCATTATTTGCATGGGCTATGTTAGTTACTGCTTTTCTTCTTCTTTTAGCTGTTCCTGTATTAGGTGGAGCTATTACGATGCTTTTAACTGATAGAAACTTCAACACAACTTTCTTTGACCCAGCCGGGGGAGGAGATCCTGTGCTTTACCAGCACCTTTTC
4b93addda1e3e2a3ff19f64635ec510003eb10eb,TTCAAGTAGTATTCAAGCACACTCTGGAGGCTCTGTCGATTTAGCTATCTTTAGTCTTCATGTAGCTGGAATATCTTCTATATTAGGTGCTGTAAACTTTATAACTACTATATTCAATATGCGCGCTCCAGGAATGACTTTACATCGTCTTCCACTATTCGTATGGGCTGTTCTTATCACGGCATTTTTATTACTTCTTTCTCTGCCTGTTTTAGCCGGTGCTATCACTATGTTATTGACAGATCGTAACTTCAATACTACATTCTTTGATCCCGCTGGAGGGGGAGACCCTGTTTTATACCAACACTTGTTC
4bdcf608e587a4a357afade1ee494d2f7b2ab877,TAGCAAGAAATCTCGCACACTCCGGTCCATCAGTAGACCTGGCAATTTTCTCCCTTCATTTAGCCGGAGCATCCTCAATCCTAGGTGCTATCAACTTCATCACCACAATAATCAACATACGCTGAAACGGACTTCGACTTGAACGAATCCCTCTATTCGTCTGAGCAGCAGTAATCACAGTAATCCTACTCCTACTATCACTTCCAGTACTAGCTGGGGCCATTACCATACTATTAACAGACCGCAACCTAAATACATCCTTCTTCGACCCAGCTGGTGGGGGCGACCCTATTCTATACCAACATCTATTC
4f4dd1cd55a782ddefb78e5d121e6d8288d05b20,ATTAGCCGGAAACCTAGCCCACGCTGGAGCTTCTGTAGATTTAGCTATCTTCTCTCTCCACCTAGCGGGCGTATCATCCATCCTAGGGGCTATTAACTTCATTACCACCATTATTAATATAAAACCACCAGCCCTGTCTCAATATCAAACACCACTGTTCGTTTGATCCGTAATAATTACAGCAGTCCTCCTTCTCCTTTCACTACCAGTCTTAGCAGCTGGCATTACAATACTTCTAACAGACCGAAACCTGAACACAACATTCTTTGACCCTGCAGGAGGTGGAGACCCAATCCTATATCAACATCTTTTC
50322e8b7582cfc943c181a3083d9826fe420521,GTTAGCCTCGATTGAGGCCCATTCAGGACCATCTGTTGATTTAGCGATTTTCAGACTTCACTTAGCAGGGATTTCTTCCATTTTAGGTGCAATTAATTTCATTACCACGATTTTGAATATACGAAGTCCAGGAATGACAATGCATCGATTGTCTCTTTTTTGCTGAGCTGTATTGATTACAGCCGTCCTTTTGCTCTTATCTTTACCTGTGCTAGCTGGCGCAATTACAATGCTCTTAACCGACCGTAACTTCAATACAACTTTCTTCGATCCAGCAGGAGGTGGAGATCCATTACTTTACCAACACCTATTC
512625bc702ebb9bc44ba11a3cf80b43adbbd5a2,GTTGAGTAGCGTGGGAAGCCATTCATCAGCAGCAGTAGATTTAGCTATATTTAGTTTGCACGTTTCAGGTGCAAGTAGTATTTTAGGTGCAATCAACTTTATTACTACCATCTTTAATATGCGTGGACCTGGATTATTAATGCATCGCTTACCTTTATTTGTATGGAGTGTTTTAATTACAGCGTTTTTACTTCTTCTCTCATTACCTGTACTTGCAGGTGCAATTACAATGTTACTAACTGATCGAAACTTTTCAACCAGTTTCTTTGACCCAAGTGGTGGAGGAGACCCTATTTTATATCAACATTTATTC
5849e601a7132ed5458d0f1a7ed94b5c83c71b74,TCTAGCCGGAAACCTTGCCCACGCAGGAGCATCTGTCGACTTAACCATCTTCTCCCTCCATTTAGCTGGAATCTCCTCAATTTTGGGGGCCATTAATTTTATTACGACCATTATCAACATAAAACCCCCAGCTATTTCTCAGTACCAAACCCCGCTTTTTGTCTGAGCTGTACTAATCACTGCTGTACTTCTACTATTATCACTCCCCGTTCTGGCAGCAGGTATTACTATGTTGCTCACAGATCGAAATTTAAACACCACTTTCTTTGACCCAGCGGGCGGCGGAGATCCAATTTTATACCAACACCTCTTT
59f3dc1659236f043ab1bbcf9f8b4167fd3b13cc,ATTAGCCGGAAATCTAGCCCATGCTGGGGCTTCTGTAGATTTAGCTATCTTCTCCCTCCACCTAGCAGGTGTGTCATCCATTCTAGGGGCAATTAATTTCATCACCACAATTATCAATATGAAACCCCCAGCCTTATCTCAGTACCAAACCCCACTATTCGTTTGATCCGTAATAATTACAGCAGTCCTTCTTCTCCTATCACTGCCAGTCTTAGCAGCTGGCATCACAATGCTTCTAACAGACCGAAACCTGAATACAACATTTTTCGATCCTGCCGGAGGCGGGGACCCAATCCTATATCAACATCTCTTC
5a5570e00988d6a1aa5290272d4832fb341f0d9a,TGTGTCACGTCTCTTAACTTTTGGGTTACAATATTAAATCACTGTCTCTATGGTATTATTTTCTTGGAGTCTTTTGATTACTGGAGCTATGCTTTTATTAACATTGCCTGTATTAACTGGAGCTCTTCTTATGATATTGTCTGATCTTCATTGTAATACTCTTTTATTTGACCCGGTTTTTCTTGGAGACCCTGTACTCTATCAACATTTATTT
5b08085d2abfa0fc09119d2b9464ef7977ea3f5f,TTCAAGCTCAATTCAAGCGCACTCACCAGCTGCTGTGGACCCAGCCATATCTAGTTCGCATTTAGCCGGTATTCCCCCAATCCCTGGTGCTATAAACTCCACAGCCACAATCTCTAATACGAGAGCCCCTGGAACGGGTATGCACCAAATCCCACTCTCTGTGTGATCTGTATCAATAACCGCTCTTCCCTCATCGTTATCCCCACCCGTATCCGCTGGTGCAATTACCATGTTATCAACAGATAGAAATTCCAATACAACCTTTTCTGATCCTGCTGGTGGAGGTGATCCGATATTATATCAACATCTGTTC
5da80e8bf6d32c84c9462d0bfce47c8db0074d18,ATTAGCCGGAAACCTAGCCCACGCTGGAGCTTCTGTAGATTTAGCTATCTTCTCTCTCCACCTAGCGGGCGTGTCATCCATCCTAGGGGCTATCAACTTCATTACTACTATTATTAATATAAAACCACCAGCCCTGTCTCAATATCAAACACCACTGTTCGTTTGATCCGTAATAATTACAGCAGTCCTCCTTCTCCTTTCACTACCAGTCTTAGCAGCTGGCATTACAATACTTCTAACAGACCGAAACCTGAACACAACATTCTTTGACCCTGCAGGAGGTGGAGACCCAATCCTATATCAACATCTTTTC
5ff36137f7f995732cedb6b6fc56ec7b96407171,TCTTTCAGAGCAAGCTGATATGTCTGTTGACCTTGCCATTTTGTCTCTACACATACTTGGTATTTCGTCTATTCTTGGTGCAATCAACTTTATTGTTACTATCCTAAACATGCGCGCAAAAGGCATGACCCTTCACAAAATGCCTCTTTTTGTTTGGGCTATTTTTGTAACGGCTGTTCTACTTGTGCTTGCGCTTCCTGTTCTTGCAGGTGGTATCACTATGCTACTTACCGATCGTAACTTTGGCACTCACTTTTTCAAGCCAGAAGGCGGCGGCGACCCAATCTTGTTCCAGCACTTGTTC
6313eef1db51679eb8ea7601c3d6e587a5a7e823,ATTAGCTGGAAATCTAGCCCACGCAGGAGCTTCAGTAGATTTAGCTATTTTCTCCCTCCACCTGGCAGGTGTATCATCCATTCTAGGAGCCATTAATTTTATTACTACAATTATTAACATGAAACCACCGGCCCTAACTCAATACCAAACCCCACTATTCGTATGATCCGTAATAATTACAGCAGTCCTCCTTCTCCTTTCACTACCAGTCTTAGCAGCTGGCATTACAATACTTCTAACAGACCGAAACCTGAACACAACATTCTTTGACCCTGCAGGAGGTGGAGACCCAATCCTATATCAACATCTTTTC
6529573ceafff531fd5959d3e86a104e5a042253,ACTTTCGAGTATAAAAGCACATTCTGGAGGTGCTGTAGATCTAGCTATTTTTAGTTTACATTTAGCAGGTGCATCTTCGATTATGGGTGCTATAAATTTTATAACTACTATAATAAATATGCGTTGTAGAGGTATGTATATGCATAGAATGCCTTTATTTCCATGAGCTGTTATTATTACTGCAGTTTTACTATTATTATCTTTACCGGTATTAGCGGGTGCTATTACAATGTTACTTACAGATAGGAATTTTAATACTTCATTTTTTAATCCAATAGGTGGAGGTGATCCTGTGTTATATCAACATCTTTTT
6600db223b5edc58bed57bed7a9055a55524c83d,TTGAGTTCGATTACTGGCCATAGTTCTCCTGCAGTAGATATGGCTATTTTTTCCCTTCACTTAGCTGGAGCTTCTTCAATACTTGGTGCAGTAAACTTCATTACCACTATTCTTAATATGAGAGCTCCTGGAATGACACTTCATAAAATGCCATTATTTGCATGGGCTATGTTAGTTACTGCTTTTCTTCTTCTTTTAGCTGTTCCTGTATTAGGTGGAGCTATTACGATGCTTTTAACTGATAGAAACTTCAACACAACTTTCTTTGACCCAGCCGGGGGAGGAGATCCTGTGCTTTACCAGCACCTTTTC
69eb0d8755703f7d3649e7558a977397e8c03be2,TTTGTCTGCCATTCAAGCTCATTCAGGCGGTTCTGTTGATTGCGCAATTTACTCGTTGCATTTAGCCGGTGTTTCTTCAATTTTAGGCGCAATTAATTTTATTGTAACAATAACTAATATGCGTGCACCTGGACTATCTGCTAATCGAACGCCTCTTTTTGTTTGAGCTGTTTATATTACAGCGTTTTTATTGTTACTTTCTTTACCCGTTTTAGCTGGTGCAATTACAATGTTGTTAACAGATAGAAATTTTAACACTTCATTCTTTGATGCGAATGGCGGTGGTGACCCTGTATTGTATCAACACTTATTT
6b1c258407afce074749b08832051cfb873a8608,GCTAAGTAGTGTACAAGCCCATTCATGCTCATCTGTTGATTTAGCAATTTTTAGTTTACATCTTTCAGGCGCCTCTTCAATATTAGGTTCAATTAATTTTATTACAACAATAATTAATATGCGTGCAAATGGACTTAGTATGCATGATATGCCTTTATATGTTTGGTCAGTATTAGTCACATCTTTTTTATTACTATTGGCTATTCCTGTACTTGGTGCAGCTATTACAATGTTGTTAACAGATCGTAATTTTAATACAACCTTTTTTGATGCCGCAGGAGGAGGTGATCCAGTGTTATTTCAACATTTATTT
6fe87fe7b69a3fd2884c12e64e6db8b5be863bc1,TTTAGCAGGTATCCAAAGTCACTCAGGAGGATCTGTTGATCTAGCGATCTTCAGTCTTCACTTAGCTGGTATCTCTTCAATGCTAGGTGCGATGAACTTCATTACAACTATCCTAAACATGCGACACCCTGGAATGTCAATGCACAAACTTCCTCTATTTGTTTGGGCTATCTTCATTACAGCTATTCTACTTCTACTATCACTTCCTGTGTTAGCCGGAGGTATTACAATGCTGCTAACTGACCGTAACTTCAACACATCATTCTACGACCCAGCGGGAGGTGGAGATCCAATTCTTTACCAACACCTTTTC
705941cf4d8a20341ab925ebebb427ab208b059a,ATTAGCTGGAATTCAATTCCATTCTGGTGGTGCTGTAGATTGTGCAGTTTTTGCTCTTCACGTAGCCGGAGCTTCTTCTATTTTAGGAGCAATTAATTTTATTACAACTATTATGAACATGCGAGCTCCAGGTATCAGTCTTCACCGAATGCCATTATTTGTATGAAGTGTTTTCGTAACAGTAGTACTTCTATTATTAGCTGTACCTGTGTTAGCTGGTGCAATTACAATGCTTTTAACAGATCGAAACTTCAATACAACTTTCTTTGACCCTGCTGGGGGAGGAGATCCTGTTCTTTATCAGCATCTTTTC
722a9d37b5a594884449a9b4f8b85f3de8bba790,ATTAGCCGGAAACCTTGCCCACGCAGGAGCATCTGTCGACTTAACCATCTTCTCCCTCCATTTAGCTGGAATCTCCTCAATTTTGGGGGCCATTAATTTTATTACGACCATTATCAACATAAAACCCCCAGCTATTTCTCAGTACCAAACCCCGCTTTTTGTCTGAGCTGTACTAATCACTGCTGTACTTCTACTATTATCACTCCCCGTTCTGGCAGCAGGTATTACTATGTTGCTCACAGATCGAAATTTAAACACCACTTTCTTTGACCCAGCGGGCGGCGGAGATCCAATTTTATACCAACACCTCTTT
7386ec5a575f2a759c5b57cf5f68270a94c4b68c,CCATCAGTGTGAAACAGCAGGAACCGGGATTCATCAGATCAGGCAATGTTTTTCCAATTCTCCAGTGTCCAGGGTTTTCGTTCCTTAGCCCACTGCAACTACAGTTTTTTGTTTTGTTGCTAAAAGAAGTGGAACTTCGTAAGATCGTCGGTTGCCATACCCCATTTGTGTTAAGTTCAAACAAGTTGTGCATTATTTTATG
74eab6456a96339481f01e8e7bf48791a23e7dd4,TCTAAGTGGAGTACAGAGTCATAGTGGTCCTAGTGTAGATTTAGCTATATTTGGTTTACATCTGTCAGGTATAAGTAGTTTATTAGGTGCAGTAAATTTCATAACAACTATACTTAATATGAGAAGTCCAGGTATTAGGTTACACAAACTAGCTTTATTTGGATGAGCAGTAATAGTTACTGCAGTATTATTATTATTATCATTACCTGTTTTAGCCGGTGCAATAACTATGGTTTTAACTGATAGAAACTTTAATACATCATTCTTTGAAGCAGCTGGAGGTGGTGATCCTATATTATACCAACATCTTTTC
7691ff9b30d2716aa16b35850ca1155a3797e3d9,ATTAGCCGGAAACCTAGCTCACGCTGGAGCTTCTGTAGATTTAGCTATCTTCTCTCTCCACCTAGCGGGCGTATCATCCATCCTAGGGGCTATTAACTTCATTACCACCATTATTAATATAAAACCACCAGCCCTGTCTCAATATCAAACACCACTGTTCGTTTGATCCGTAATAATTACAGCAGTCCTCCTTCTCCTTTCACTACCAGTCTTAGCAGCTGGCATTACAATACTTCTAACAGACCGAAACCTGAACACAACATTCTTTGACCCTGCCGGAGGTGGAGACCCAATCCTATACCAACATCTTTTC
784c8f885095850e7465df47dc9ff5caf6df4b94,TCTAGCAGGAAATACCTCCCACAGAGGCCCCTCAGTAGACCTCGCCATCTTCTCCCTCCACCTCGCAGGGGTATCATCAATCCTGGGGTCCATTAATTTCATCACAACAGCCCGTAATATGCGCCCCAAAGGGTGTGCCGCAGAGCGTATCCCCCTATTTGTGTGATCCCTTGTAGTGACCACAATCCTCCTTCTCCTATCTCTCCCTGTTCTAGCCGGAGGAATTACCATACTTCTAACAAACCGAAACCTAAACACAAGATTTTTTGACCCAGCAGGAGGAGGTGACCCAGTCCTATACCAACACCTATTC
785d06c513328566d482c9eb50bb648f096e792c,GTTAAGTTCTGTACAAGCACATTCTGGCCCATCTGTTGATTTAGCGATCTTTAGTTTGCACGTTAGTGGCGCTTCTTCAATTTTAGGGGCTATTAATTTTATCACAACAATTTTCAACATGCGTGCACCTGGTATGACAATGCATCGATTGCCCCTAATGGTATGAGCGGTTTTAATTACAGCTTTTTTATTATTGTTATCACTTCCTGTTTTAGCTGGTGCAATAACAATGCTTTTAACAGATAGAAATTTTAACACAACATTTTTTGATCCAGCAGGTGGCGGTGACCCTGTATTATTTCAGCACCTTTTC
7b66380fe2282c33065e6b37ed393acdf3357350,ATTATCAAGTGCAACAGCTCACTCTGGGGGTTCTGTGGATTTGGCAATATTTAGTTTGCACTTGTCGGGTGCATCTTCTATTTTAGGTGCTATCAACTTTATTTGTACGATTTTTAATATGCGAGTGAAAAGTTTGTCTTTCCACAATTTACCATTATTTGTATGGTCTGTATTAATTACAGCATTTCTACTGTTATTGTCTTTACCAGTATTGGCGGGGGCAATAACTATGTTATTAACAGATAGGAATTTTAATACTACTTTTTTTGATCCTGCTGGAGGGGGTGACCCTGTATTATTTCAGCACCTTTTC
7c365540aea8e2250510452bd8269ec0bf82c5c4,TCTCGCCGATTCTAAATTTCATTCAGGTATTTCAGTAGATTTAGCTATTTTTAGACTTCATTTAGCTGGGATTTCTTCTATTTTAGGAAGAATTAATTTCATAACTACAATTATTTGTTCTCGTACAACAAAGATAGTTAGAATGGATCGTATGCCATTAATGATTTGATCTTTAGGGGTAACAGCCTTCTTATTAGTGACTACTCTACCTGTACTAGCTGGTGCAATTACAATGCTACTTACAGATCGTAATTTTAACACTTCATTTTTTGACCCTTCAGGTGGTGGAAATCCTGTGCTATACCAGCACCTTTTC
7e1cbb9ed2195584117e7a42167d22e82a86a85c,ATTAAGGTCAAATATTGCTCATAGAGGGATATCTGTAGATTTTGCAATTTTTTCTCTCCATCTTGCGGGAATTTCTTCATTGTTGGGGGCAGTTAATTTTATTAGAACTTTAGGAAATCTGCGTTCTTTGGGAATGGTACTAGAGAGCATACCTCTCTTTGCTTGGGCTGTGCTAATCACTGCGGTGTTACTTTTACTTTCCTTACCCGTGTTAGCAGGGGCTATCACTATGCTTTTAACTGATCGTAACCTGAACACTGCTTTTTATGATGTTGCTGGAGGGGGAGATCCCGTGTTATACCAACACTTGTTG
7ffe6b4806724aa859bb0910bd31da09e703b1df,ATTAGCTGGAAATCTAGCCCACGCAGGAGCTTCAGTAGATTTAGCTATTTTCTCCCTCCACCTGGCAGGTGTATCATCCATTCTAGGAGCCATTAATTTTATTACTACAATTATTAACATGAAACCACCGGCCCTAACTCAATACCAAACCCCACTATTCGTATGATCCGTAATAATTACAGCAGTCCTCCTTCTCCTTTCACTACCAGTCTTAGCAGCTGGTATTACAATACTCCTAACAGATCGAAACCTAAACACAACATTTTTCGATCCTGCTGGGGGTGGGGACCCAATCCTGTACCAACATCTTTTC
80bdca97a48744dc50eeb39b271db980b65a9828,ATTAGCCGGAAACCTAGCTCACGCTGGAGCTTCTGTAGATTTAGCTATCTTCTCCCTCCACCTAGCAGGTGTGTCATCCATTCTAGGGGCAATTAATTTCATCACCACAATTATCAATATGAAACCCCCAGCCTTATCTCAGTACCAAACCCCACTATTCGTTTGATCCGTAATAATTACAGCAGTCCTCCTTCTCCTTTCACTACCAGTCTTAGCAGCTGGCATTACAATACTTCTAACAGACCGAAACCTGAACACAACATTCTTTGACCCTGCAGGAGGTGGAGACCCAATCCTATATCAACATCTTTTC
8115acd930f31c7b35b6d3ae63ae3fcad94319dc,TTTGAGTTCCATTACTGGGCATAGCTCACCCGCTGTAGATATGGCTATTTTTTCTCTTCACTTAGCGGGAGCCTCTTCTATTTTGGGTGCGGTAAACTTCATTACGACTATTCTTAATATGAGAGCACCTGGAATGACCCTCCATAAGATGCCTTTATTTGCTTGGGCGATGTTAGTTACCGCTTTCCTTTTATTGTTAGCTGTCCCTGTATTAGGTGGAGCTATTACGATGCTTTTAACAGACCGTAACTTTGGAACTACCTTTTTTGATCCAGCTGGAGGTGGAGATCCTGTTCTTTTTCAACATCTTTTC
820a022baba3e861d4129e0709a117c6c0f39a1c,GTTATCGAGTGTTCAGGCTCACTCAGGTCCATCGGTTGATTTAGCGATTTTCAGTTTACGCTTATCTGGAGCTTCTTCGATTTTAGGTGCGATAAACTTTATTTGTACTATTTTTAATATGCGAGTTAAAAGTTTATCATTTCATAAGTTACCACTATTTGTATGGGCTGTATTAATAACAGCATTTTTACTTTTATTATCATTACCTGTTTTAGCGGGAGCTATTACAATGTTATTAACTGATAGAAATTTCAATACAACTTTTTTTGATCCTGCAGGTGGGGGTGATCCTGTCCTTTATCAACACTTATTC
85cf96761a3c4feff0a642f5fb591850251ce267,TTTATCTAGTGTACAATCTCACTCTGGTGGTAGCGTAGATTTAGCAATTTTTAGTTTACATTTAGCTGGTGTTTCTTCACTTTTAGGTGCTATTAATTTTATTAGTACAACTCTAAATATGAGAACTAATGGTATGTCTTTACATAAATTACCATTATTTGTGTGGGCAATTTTCATTACAGCAATTTTATTACTATTATCTTTACCTGTGTTAGCTGGTGCAATTACAATGTTATTAACAGATAGAAATTTAAATACTTCATTCTATGACCCAGCTGGAGGTGGGGATCCTATTTTATATCAGCATCTTTTC
86ccec1450db0ff9ecf2dfc62b9412c2b2a5ba7a,TTTGTCTAGTATCACAGCACATTCCGGAGGATCTGTAGATTTAGCGATTTTTAGTTTACACCTTTCAGGAGCTTCTTCAATTTTAGGAGCTATTAATTTTATCTGTACAATTACTAATATGAGAACAAAAAATTTAGCTTTTCATCGATTACCTTTATTCGCATGGGCTATTTTTATTACAGCATTTTTATTGTTACTGTCTCTACCAGTACTAGCAGGTGCGATTACAATGTTACTGACCGATCGTAATTTCAATACTACTTTCTTCGATCCCGCTGGAGGAGGAGATCCTATTTTATACCAGCATTTGTTT
879dc497a40dd5385d662d3e31fc800b97295626,ATTAGCGAGTGTACAAGCACACTCTGGTCCATCAGTAGACTTAGCTATTTTTAGTCTACACCTAGGTGGTACTTCATCTATTTTAGGTGCTGTTAACTTTATTACCACCATTATTAACATGCGCAGTCCAGGTATGACTATGCATAAATTACCACTTTTTGTTTGGTCAGTATTAATTACTGCTGTACTTCTTCTCTCATTACCTGTTTTAGCTGGTGCAATCACTATGCTATTAACTGATCGTAATTTTAATACTACTTTCTTTGATCCAGCTGGAGGAGGAGATCCTGTTTTATATCAGCATCTTTTC
8935d7f4cbff44416348b3d311dd5862a012329a,TCTGAGCGGTATTGAGGCTCACTCTGGCCCAGCTGTGGACTTTGGTATCTTCAGTTTACACCTTGCAGGTGCGTCTTCTATTCTGGGAGCAATTAACTTTATTGTTACCATTGTAAATATGCGTGCTCTTGGTATGACGATGCATCGCATGCCACTTTTCGTGTGATCTGTTCTTATCACCGCTTTCCTTCTTCTTCTGTCCCTACCAGTTCTTGCTGGGGCAATTACTATGCTTTTAATGGATCGTAACTTTAAGACAGTCTTCTTCAATCCGATTGGAGGCGGGGACCCTGTTTTATATCAACATCTGTTC
9398e021a3ba594bbfd404a4fbf586027ed122f3,GTTATCAACTTTCTCGTATCGTGGAATGTGTATAGACTTAGCAATTTTAGGGCTTCATTTAGCCGGTATTAGGTCAATTTTTAGATCAATTAATTTTATGGTTACAATTACTAATATGCGTTCAGTAGACGGGCATTTATTAGCGTTATTTCCGTGATCAATTAAAGTAACATCATTTTTACTACTAACTACCTTACCTGTACTAGCTGGGGGTTTGACTATATTACTTACAGATCGTCATTTTAATACTTCTTTCTTCGACCCTGTTGGGGGCGGAGATCCGGTATTATTCCAGCACTTATTC
95d520a90772ec1ca061659d05721aa2ab6712ec,ACTTTCTGATACAAACTCTCATCTAGTTCCTCCATGAACATAGCTATCTTAGCACTTCACATAGTGGGAGCTTCATCTGAGGGAGGAGCTGCAACATTTATAGTCACTGCCTTCGTGTCTAGACTATCAGGTATGTACTCCGTATTGAGCTGCTTACTTACCTGATGTATATTGACAGCTTCTGTGTTACTACTACTCACACTTCCTGTTCTCGGTGCAGGCATAACTCTATTGCTACTCGATAGAACATGCAACGCAGCATACGTCTCTCCTACGGACTTAGGTGATCCACTAGTATTCCAACACCTCTTC
9742688a5f5180ee1ac32c4d438b41c99ac7716a,ATTAAGTACTTCCTTCATGAGTTTATCACCTTCTAGCACTGCTTATATTATATTTGGATTATTAATGTCTGAAATATCCTCCTGTGTCACGTCTCTTAACTTTTGGGTTACAATATTAAATCACTGTCTCTATGGTATTATTTTCTTGGAGTCTTTTGATTACTGGAGCTATGCTTTTATTAACATTGCCTGTATTAACTGGAGCTCTTCTTATGATATTGTCTGATCTTCATTGTAATACTCTTTTATTTGACCCGGTTTTTCTTGGAGACCCTGTACTCTATCAACATTTATTT
9827462eaf4177de6c4f73ffe2a8b8c3432c7b99,ATTAGCCGGAAATCTAGCCCATGCTGGGGCTTCTGTAGATTTAGCTATCTTCTCCCTCCACCTAGCAGGTGTGTCATCCATTCTAGGGGCAATTAATTTCATCACCACAATTATCAATATGAAACCCCCAGCCTTATCTCAGTACCAAACCCCACTATTCGTTTGATCCGTAATAATTACAGCAGTCCTCCTTCTCCTTTCACTACCAGTCTTAGCAGCTGGCATTACAATACTTCTAACAGACCGAAACCTGAACACAACATTCTTTGACCCTGCAGGAGGTGGAGACCCAATCCTATATCAACATCTTTTC
9bc13fb8e879c9464bd1a2d8e4e4c7dbafa96209,TCTTGCAAGTATTCAGTTCCACTCTGGTGGTGCTGTTGATTGTGCTATTTTTGCACTTCACGTAGCAGGAGCTTCTTCTATTCTTGGAGCTATTAACTTCATTACAACTATTACGAACATGCGAGCGCCAGGTATCAGTCTTCACCGAATGCCTTTATTCGTATGAAGTATCCTTGTAACTGTAGTTTTACTTCTTTTAGCTGTACCTGTTCTTGCTGGTGCAATTACTATGCTATTAACTGATCGAAACTTTAACACAACTTTCTTTGACCCTGCTGGGGGAGGAGATCCAGTTCTATACCAACACCTATTC
9bce9c852fe88d4e84023e54eae9114011f4b7ec,CTGTCGAGAAATATTGCTCACGCAGGAGCCTCGGTAGATTTTGCTATTTTTTCCCTTCATCTAGCTGGTGCTAGATCTATCCTAGGAGCGGTGAATTTTATACGTACTATCTTAAACATGAGAACTAAAGGTATGTATATGCATAAATTACCACTATTTGTTTGGTCTATTTTAATTACAGCTGTATTACTTTTATTATCTTTACCTGTTTTAGCAGGTGCTATCACTATGCTGTTAACTGATAGAAATTTTAACACTTCTTTTTTCGATCCTGCAGGAGGAGGTGATCCAGTATTATACCAACACTTATTT
a1f3621b6505aee179ef1ecc116d02d15701e2cc,TTAGCAAGAAATTTAGCTCATGCAGGTCCATCAGTAGACTTAGCTATTTTCTCATTACATTTAGCAGGAGCTTCATCTATTTTAGGGGCCATCAACTTTATTACTACAGTCATCAATATGCGATGAAGAGGTTTACGATTAGAGCGAATCCCCCTTTTCGTATGAGCTGTATTAATTACAGTGATTCTTCTTCTACTATCATTGCCCGTCCTAGCAGGGGCAATTACCATATTACTAACCGACCGAAATCTAAATACATCATTCTTCGATCCGGCTGGTGGCGGTGATCCAATTCTATATCAACATCTTTTC
a638fa9eb4cccb7305fe4642d87f80ca7364c9d9,ATTATCAAGTGTTCAAGCACACTCAGGACCTTCAGTTGACCTTGCTATTTTCAGTTTACACTTAGCAGGAGCTTCTTCTATTCTTGGTGCTGTTAATTTTATTACAACTATTATTAACATGCGACCTCCAGGAATGACATTCCACAAAATGCCATTATTCGTATGGTCAGTTCTTATTACAGCAGTTCTACTGCTTCTTTCTCTACCGGTTCTTGCAGGAGCTATTACAATGCTTCTTACAGACCGTAACTTTAACACAACATTCTTTGATCCAGCAGGAGGAGGAGACCCTATTCCTTACCAACACCTGTTT
a6e75580a833155f8aa0d0002a493ede5a514b9b,ATTATCTAGTGGTACATCACACTCAGGAGGAGCGGTTGATTGTGCAATTTTTGCTCTTCACGTTGCAGGAGCTTCTTCAATTCTTGGAGCAGTAAACTTCATTACAACTGTAATGAACATGCGAGCACCAGGAATTAGCCTTCACCGAATGCCTCTATTTGTATGAAGTGTTTTCGTAACTGTTGTACTTCTTTTACTAGCTGTACCTGTACTTGCAGGAGCAATTACGATGCTACTAACAGATCGAAACTTCAACACAACTTTCTTTGACCCAGCCGGGGGAGGAGATCCTGTGCTTTACCAGCACCTTTTC
ad8a5d5606f5e0d30d1addeda26c58b96f82a3a8,TTTCAAGTGGTAATTCACATTCAGGACCTTCTGTAGATTTAGCAATATTTAGTCTTCATTTATCAGGTGCGGCTTCTATTTTAGGAGCTATTAATTTTATTTGTACTATTTTAAATATGAGAACAAAAGGTCTTTATATGCATAAATTACCTTTATTTGTTTGGTCAATTTTAATAACAGCTGTTTTATTATTATTATCTTTACCAGTTCTTGCAGGAGCAATTACAATGCTTTTAACTGATAGAAATTTTAATACTTCATTTTTTGACCCTGCTGGAGGAGGTGATCCTGTTCTTTATCAGCATTTATTT
ae26b8fc209b527bcdefa0b8440a2b4bd39bbfa2,ATTAGCAAGTATTGCTTTTCACTCAGGAGGAGCAGTTGACTGTGCAATTTTCGCTCTTCACGTTGCAGGAGCTTCTTCAATTCTTGGAGCAGTAAACTTTATTACGACTGTAATGAACATGCGAGCTCCAGGAATTAGCCTTCACCGAATGCCTCTATTCGTATGAAGTATCCTTGTAACTGTAGTTTTACTTCTTTTAGCTGTACCTGTTCTTGCTGGTGCAATTACTATGCTATTAACAGACCGAAACTTTAACACAACTTTCTTTGACCCAGCAGGGGGAGGAGATCCTGTACTTTATCAGCACCTTTTC
af056d9ce84e33131f74186572c3a58187a692d0,ATTAGCCGGAAACCTAGCTCACGCTGGAGCTTCTGTAGATTTAGCTATCTTCTCCCTCCACCTAGCAGGTGTATCATCCATTCTAGGGGCAATTAATTTCATTACCACGATTATCAACATGAAACCCCCAGCCTTATCTCAATATCAAACCCCACTATTCGTTTGATCCGTAATAATTACAGCAGTCCTCCTTCTCCTTTCACTACCAGTCTTAGCAGCTGGCATTACAATACTTCTAACAGACCGAAACCTGAACACAACATTCTTTGACCCTGCAGGAGGTGGAGACCCAATCCTATATCAACATCTTTTC
b91ae5ebe722e4f1187f9ee0064f9bde1c806212,ATTGTCTAGTATCACAGCACACTCAGGTGGAGCTGTTGATTTAGCAATTTTTAGTTTACATGTATCAGGAGCTTCATCTATTTTAGGTGCAATTAATTTTATTTGTACTATTTTCAACATGCGTGTGAAAAGTTTATCATTTCATAAACTACCTCTATTCGTTTGGGCCGTATTAATAACTGCAGTTTTATTGTTATTATCATTACCGGTGCTTGCGGGGGCAATCACAATGCTTCTGACTGATCGTAACTTTAATACCACTTTTTTTGATCCAGCAGGAGGCGGAGATCCAGTACTCTACCAACACCTCTTC
ba5d3e70026d573fc6d3801655a4f0de09d24215,TCTCAGGAATACAAAGTCATAGTGGACCTAGTGTAGATCTAGCCATTTTTGCTTTACATCTTTCAGGTATAAGCAGTTTATTAGGAGCTATGAACTTCATAACAACAATCTTAAATATGAGAAGTCCTGGTATTAGACTACACAAATTGGCATTATTCGGTTGAGCCGTTGTTATTACGGCCGTTCTACTGTTATTATCTCTACCTGTACTAGCTGGTGGAATCACAATGATATTAACTGATAGAAATTTTAATACATCTTTTTTTGAAGCAGCAGGAGGTGGTGATCCTATACTGTACCAACATCTTTTT
bd755c14f42f9a482d673d353be0a9401a16d662,TTTATCTGCTAATTTAGCTCACGCCGGTGGTTCAGTGGACTTGGCAATCTTCTCACTCCATCTTGCAGGTGTTTCTTCCATTTTAGGTGCTGTAAACTTCATTACAACTATCGTTAACATACGATGACGAGGGATACAGTTCGAACGTCTTCCTTTATTTGTATGGTCTGTAAAGATTACTGCTATTCTATTACTTTTATCATTGCCTGTGTTAGCTGGAGCTATTACAATGCTTTTAACAGATCGAAACTTTAATACTGCTTTCTTTGACCCAGCAGGAGGTGGAGATCCTATTTTATACCAGCATTTGTTT
becd049e5deb3afab52c05e16f11fdc0865516ca,ATAAGTGGAATACAAAGTCACAGTGGACCTAGTGTAGATCTAGCAATATTCGGTTTACATTTATCTGGTATAAGTAGTTTATTAGGAGCTATAAACTTTATAACTACTATACTAAATATGAGAAGTCCCGGTATAAGATTACATAAACTAGCTTTATTCGGATGAGCTGTAGTAGTTACTGCTGTATTATTATTATTATCATTACCAGTATTAGCTGGTGCTATCACAATGCTTTTAACTGATAGAAATTTTAATACATCATTTTTTGAAGCCGCTGGAGGTGGTGATCCTGTACTTTACCAACATTTATTC
cf3773431a5d13a66989354d73575264ae55382c,ATTAGCAAGTATTGCTTTCCATTCAGGAGGAGCGGTTGATTGTGCAATTTTTTCACTACACTTAGCAGGAGCTTCTTCTATTCTTGGTGCTGTTAATTTCATTACAACAATTATTAACATGCGACCTCCAGGAATGACATTCCATAAAATGCCTTTATTTGTATGGTCTGTTTTAATTACAGCTGTTTTACTACTTCTTTCTTTACCGGTTCTTGCAGGAGCTATTACAATGCTTCTTACAGACCGTAACTTCAATACAACCTTCTTCGATCCAGCTGGAGGAGGAGATCCTATTCTTTATCAACACCTGTTC
d1bd93d0dff9a0746051c69c1595d1b8968f23fb,GCTTTCTGGTATAGAGACTCATTCAGGTGGGGCTGTCGATCTTGCGATTTTCAGTCTTCATCTGTCTGGAATCTCGTCAATTCTTGGTGCAATAAATTTTATTTGTACTATTGTAAATATGCGAACAGAGAGCCTGGCCCTTCATAAAATGCCTTTGTTTGTTTGGGCTATATTAATAACGGCAGTACTCCTCCTTCTTTCATTACCCGTATTGGCAGCAGCATTAACAATGCTGCTGACTGATAGAAATTTTAATACCACCTTTTTTGACCCTATAGGCGGTGGGGACCCTGTTCTTTATCAGCATTTGTTT
d1def99e0035b934a9d8c83557a25e78548ef3b2,TTTGTCTGCCATTCAAGCTCATTCAGGCGGTTCTGTTGATTGCGCAATTTACTCGTTGCATTTAGCCGGTGTTTCTTCAATTTTAGGCGCAATTAATTTTATTGTAACAATAACTAATATGCGTGCACCTGGACTATCTGCTAATCGAACGCCTCTTTTTGTTTGAGCTGTTTATATTACAGCGTTTTTATTGTTACTTTCTTTACCCGTTTTAGCTGGTGCAATTACGATGTTGCTAACTGATCGTAATTTTAACACTTCATTCTTTGATGCGAATGGCGGTGGTGACCCTGTATTGTATCAACACTTATTT
d1dffadc7f7534bfec8863cd9a88731012b705ff,ACTTTCAAGTGGAACTTCTCATTCAGGTGGAGCTGTTGATTTAGCTATTTTCAGTTTACATCTTTCAGGAGCTTCATCAATTCTAGGAGCAATTAATTTTATATGTACCATCTTTAACATGAGGGTAAAAAGTTTGTCATTCCATAACTTACCTCTTTTCGTTTGGGCTGTTCTAATTACAGCTTTTCTACTGTTGTTGTCTTTACCTGTATTAGCAGGAGCAATAACAATGCTATTGACCGATAGAAATTTCAACACTACTTTCTTCGATCCTGCTGGGGGAGGAGATCCTGTGTTGTATCAACATTTATTT
d1ee2aced5a33f0973843d0dd1f1c7d232f5d495,ATTAGCTTCTATTCAAGGTCAACCTGGAGCGTCAGTAGATCTTGCTATCTTCTCACTTCACTTAGCTGGTGTGTCTTCGATTCTTGGTGCGATTAACTTTATCACTACGATCTTAAACAGGCGAGCTCCTGGAAGGACTAGGCACCGATTACCATTATTCGTATGGGCGGTATTCCTTACAGCGATCTTATTACTTTTATCACTTCCAGTATTAGCAGGTGCGATCACAAGGTTACTTACAGATCGAAACTTTAATACTACATTCTTTGATCCAGCTGGTGGTGGAGATCCATTGCTCTATCAGCATTTATTC
d54c8da6ebb228f0ab82b6cdc4d893a485608b1a,CTTATCCGGCAATCTTGCTCACTCAGGCCCATCAGTAGACATAGTAATCTTCTCCCTTCATCTAGCAGGGGCAAGATCAATTCTTGCGTCAATTAACTTTATTACAACAGTAAAAAAACTCCGATCAGGAGTGTCTCTCTCGGCCACACCCTTATTTGTGTGATCAGTAAAAATTACAACTATTCTACTTCTTCTCTCACTTCCAGTTCTAGCTGGAGCTATTACTATACTTTTAACAGACCGGAATCTAAACACCGCATTCTTTGACCCTTCAGGAGGAGGCGACCCGGTCCTATTCCAACATCTCTTT
d75b447ee12a521966438bb5721bca9682a03d98,ATTAAGCAGTATTTCTGGTCACCCGGGAGCCGCAGTTGATATGGCTATTTTTAGCATACACTTAGCTGGTATGTCTTCTATCCTTGGATCAATCAACATGATTGTTACTATTCTTAATATGCGTGCACCTGGAATGGGTCTATTTAAAATGCCGCTATTTGTTTGGTCTATTTTATTTACAGCATTTCTACTAATTTTAGCGCTTCCTGTTCTTGCTGGTGCTATTACTATGCTACTAACAGATCGTAATTTTGGTACAAATTTCTTTGACCCAGCCGGGGAGGAGATCCTGTGCTTTACCAGCACCTTTTC
d8f665d3179fb19462e272329db55ed1ae016390,ATTAGCCGGAAACCTAGCTCACGCTGGAGCTTCTGTAGATTTAGCTATCTTCTCTCTCCACCTAGCGGGCGTATCATCCATCCTAGGGGCTATTAACTTCATTACCACCATTATTAATATAAAACCACCAGCCCTGTCTCAATATCAAACACCACTGTTCGTTTGATCCGTAATAATTACAGCAGTTCTCCTTCTCCTTTCACTACCAGTCTTAGCAGCTGGCATTACAATACTTCTAACAGACCGAAACCTGAACACAACATTCTTTGACCCTGCCGGAGGTGGAGACCCAATCCTATACCAACATCTTTTC
da8bb9811a11754fd2b6bd5d0be7f3a357891ca1,TCTATCAGGTATTCAAGCCCACTCAGGACCATCGGTGGATCTAGCGATCTTTTCACTGCACCTTTCTGGTGCTGCTTCAATCCTAGGTGCGATTAATTTCATCGTTACTATTTTTAACAGGCGTGCACCTGGAAGGTTTAGACACAAGCTACCTCTGTTTGTTTGGTCTATTCTAATCACAGCCGTACTTCTACTGCTTTCACTTCCCGTGCTTGCTGGAGCAATTACTAGGCTACTTACCGATCGTAACTTTAACACTAGCTTTTACGACCCAGCTGCCGGAGGAGACCCAATTCTCTACCAACACCTTTTC
db2b852e41601f0351a9ab25426d2653da1c1e85,ATTAGCTGGAAATCTGGCCCACGCTGGGGCTTCAGTAGATTTAGCTATCTTCTCCCTCCACCTAGCAGGTGTATCATCCATTCTAGGGGCAATTAATTTCATTACCACGATTATCAACATGAAACCCCCAGCCTTATCTCAATATCAAACCCCACTATTCGTTTGATCCGTAATAATTACAGCAGTCCTTCTTCTCCTTTCACTACCAGTCTTAGCAGCTGGTATCACAATGCTTCTAACAGACCGAAACCTGAACACAACATTTTTCGATCCTGCCGGGGGCGGAGACCCAGTCCTATATCAACATCTCTTC
dc5920dd9150578da36cb3fec5ad9672a19a2a35,TTGTCTGGTATCTTAGCTCACTCAGGTGGTGCTGTTGATTTAGGTATATATTCTTTACATCTAGCTGGTGTTTCTTCTATCTTAGGTGCTATTAATTTCATCGTTACAATAACAAACATGAGAGCACCTGGTATGACAGCAAATAGAACGCCTTTATTTGTTTGAGCTGTATTTATCACGGCATTTTTACTACTTCTTTCATTACCTGTATTGGCTGGTGCAATAACAATGTTATTAACTGATCGTAACTTCAGTACTTCATTCTTCGATCCAAGTGGTGGGGGTGATCCAGTGCTCTATCAACATCTTTTC
dd74776bc05153ab9d85eff974eda65eb1ff428f,ACTTTCCGACAAGGTTTACCATTCCTCAATGGCGGTGACAGATGCGATTATAGCTTTACATGCCCTAGGATTAAGTTCCGAGGGAGCTGCAATGAACTTTATAATCACCGTTTCAGTTGTAGGAATGACGGCATGATCCTCCATCTATCTGCTCGTATGGAGTATACTAATTACTTCAGTCCTGCTGCTTGCGTCACTACCACTACTAGCTGGGGGAATCACACTCTTGCTCCTCGACAGAGAGATGCACACTATGGTTCTAAACCCATCCTATGGCGGGGATCCAGTTATTTTCAGCATCTTTT
dd8cb520de1700eec47421a4cf3a6adca9e27d89,ATTAAGCACTTCTTTCATGAGTTTATCACCTTCAAGTACAGCTTTTCTTTTATTTGGATTATTATTGTCAGGTATATCCTCATGTCTCACATCTCTTAACTTTTGGACAACAATTCTAAATCTGAGATCTTATTATCTGACATTAAAGACTATGCCATTATTCCCTTGGGCTCTCTTGATAACAGGAGGAATGCTTTTATTTACATTACCAATCTTAACAGGTGCTCTTTTAATGGTCTTGGCTGATCTTCATTCTAATACACTTTTCTTTGATCCAATCTTTGGAGGAGATCCTATATTCTATCAACACTTATTT
e1754f64daac5e7159315b8facf62523fda0cf7b,TTTAAGTGGAATCCTAGCACATTCTGGAGGATCTGTAGATCTTGCAATTTTTAGTTTACACATTGCAGGTGCTTCTTCTATTTTAGGAGCGATAAATTTTATTGTATCGATTTTAAACATGAGAGCACCCGGTATGTCAGCACATAGGGTACCTTTATTTGTTTGAGCTGTTTTTATTACAGCTTTTTTACTCTTATTATCGTTACCTGTTTTAGCAGGAGCAATTACTATGCTTCTAACAGACAGAAATTTCAACACCGCTTTCTTTGACAGCCATGGTGGTGGAGATCCTGTTCTTTTTCAGCATCTTTTC
e21e00761653653bd9ee94717bc66c99af534844,GTTATCAAGCCTTAAAGGACACGCAGGGCCTTCTGTAGATTTAGCAATCCTAAGCATGCACTTAGCCGGAGCTTCTTCTATCTTAGGCTCAATTAATATGATCGTTACAATTCTTAATATGCGACCTAAAGGAATGACTTTGTTTCGTATGCCACTATTTTTATGATCTGTACTAATTACATCGGTACTACTTGTGTTGTCTTTACCAGTGTTAGCAGGCGCAATTACTATGCTTCTTACTGACCGCCAATTTAATACAGCGTTTTTTATTCCTGCAGGTGGTGGTGACCCAGTATTATTCCAGCATCTTTTC
e2998e4251d4c7e6b9669ec890a589a201036807,ATTAGCCGGAAACCTAGCTCACGCTGGAGCTTCTGTAGATTTAGCTATCTTCTCTCTCCACCTAGCGGGCGTATCATCCATCCTAGGGGCTATTAACTTCATTACCACCATTATTAATATAAAACCACCAGCCCTGTCTCAATATCAAACACCACTGTTCGTTTGATCCGTAATAATTACAGCAGTCCTCCTTCTCCTTTCACTACCAGTCTTAGCAGCTGGTATTACAATACTCCTAACAGATCGAAACCTAAACACAACATTTTTCGATCCTGCTGGGGGTGGGGACCCAATCCTGTACCAACATCTTTTC
e35fa7a74d89d55ebfb94614e2dc410eb2660c37,ATTAGCCGGAAACCTAGCTCACGCTGGAGCTTCTGTAGATTTAGCTATCTTCTCTCTCCACCTAGCGGGCGTATCATCCATCCTAGGGGCTATTAACTTCATTACCACCATTATTAATATAAAACCACCAGCCCTGTCTCAATATCAAACACCACTGTTCGTTTGATCCGTAATAATTACAGCAGTCCTCCTTCTCCTTTCACTACCAGTCTTAGCAGCTGGCATTACAATACTTCTAACAGACCGAAACCTGAACACAACATTCTTTGACCCTGCCGGAGGTGGAGACCCAATCCTATACCAGCATCTTTTC
e3ca0a1ee9ef3cb0a3fe1bae98c39badc6f34250,TCTAGCTGGCAATCTAGCTCATGCTGGAGCCTCAGTAGACCTAGCAATCTTCTCTCTTCACTTAGCAGGTGTGTCTTCCATTCTGGGTGCTATCAACTTTATCACTACAGCCATCAACATAAAACCCCCTGCCCTCTCACAATATCAAACCCCACTATTCGTATGATCCGTACTCATCACTGCCGTCCTATTACTACTTTCACTCCCAGTGCTTGCCGCAGGCATTACTATGCTACTTACAGACCGAAACCTAAACACAACATTCTTCGATCCCGCCGGAGGCGGTGACCCTGTACTGTACCAACACCTCTTT
e4d8393c1de9428f61e5867c4065fd14c8836b00,TCTTTCAGGTACCATTGCTCATGCAGGGGCGTCTGTTGATTTGAGTATTTTCTCTCTTCATCTTGCTGGTATTTCCTCTATTTTAGGTGCAGTAAATTTTATTTCTACTGTAATAAATATACGTACAAAAGGTTTAACTTTGGATCGTACCCCTTTATTCGTTTGATCAGTAGGTATTACGGCTTTACTACCTTTGCTTAGTCTTCCAGTACTAGCCGGGGCAATTACTATATTACTTACAGATCGTAATTTAAATACTTCTTTCTTTGACCCTGCTGGAGGGGGGGATCCTATTTTATACCAACATCTTTTC
e875bcfde0e4beb6dbc7f39924ff40aceec59e3a,TTTAAGTGGAATCCTAGCACATTCTGGAGGATCTGTAGATCTTGCAATTTTTAGTTTACACATTGCAGGTGCTTCTTCTATTTTAGGAGCGATAAATTTTATTGTAACGATTTTAAACATGAGAGCACCCGGTATGTCAGCACATAGGGTACCTTTATTTGTTTGAGCTGTTTTTATTACAGCTTTTTTACTCTTATTATCGTTACCTGTTTTAGCAGGAGCAATTACTATGCTTCTAACAGACAGAAATTTCAACACCGCTTTCTTTGACAGCCATGGTGGTGGAGATCCTGTTCTTTTTCGGCATCTTTTT
e8f157f609a54ed29c59aacc87a2a1bf6f82682d,TCTAAGTCATATTACTAGTCACTCAGGAGGTGCTGTAGATTTAGCTATTTTTAGTTTACATTTATCTGGAGCGAGCAGTATTTTAGGGGCGATTAACTTTATTACCACTATCTTTAACATGCGTGGGCCTGGTCTGGGCTTCCATCGCTTACCTTTATTTGTGTGGTCTGTTCTGATTACGGCCTTCTTACTTCTTCTCTCTTTACCGGTTTTAGCGGGAGCGATTACGATGCTGTTAACGGATCGTAACTTCAATACCTCGTTCTTTGATCCGGCGGGCGGAGGTGACCCTATTTTGTTCCAGCACCTTTTT
eadcbdd8ea2aff9f87c4944d3410ecb9ddc8602c,ACTGTCAGGTATTATAGCACATTCAGGTCCTGCTGTAGATTTAGCGATTTTTAGTTTACACTTGTCTGGAGCTTCTTCAATTTTAGGAGCTATCAACTTTATTACAACAATCCTAAATATGCGTGCACCTGGAATGAGTATGCACCGTTTACCTTTAATGGTTTGGTCGGTTTTCATTACCGCTATACTACTACTTTTATCTTTACCTGTTTTAGCTGGTGCAATTACCATGCTTTTAACAGATAGAAACTTTAACACAACATTTTTTGATCCTGCTGGAGGAGGAGATCCTGTATTATATCAGCACCTTTTC
efadb1ab80f40c4f8f80d4295936a29aad4e29b3,TCTTTCTAGAAATATTGCGCATGCTGGAAGGTCTGTAGACTTTGCAATTTTTTCACTACATTTAGCTGGAGTTAGGTCTATCTTAGGAGCAGTTAATTTTATTAGAACGTTAGGAAACCTCCGTGCTTTCGGAATAATTCTAGATCGAATACCTCTATTCGCTTGATCAGTTCTTATTACTGCAGTACTATTGCTGCTTTCTTTGCCAGTTTTAGCGGGAGCTATTACTATATTGTTAACAGATCGAAATTTAAACTCTAGGTTCTATGATGCTAGAGGAGGAGGAGATCCAATTTTATATCAGCATTTATTC
f314e99f9f96da5f2b2938fbe63be2bb8dfd9398,ACTATCGGGAGCAATTAATTTTATTTCTACTATTTTTAATATGCGTGCCCGTGGGATGACCATGGACCGTTTACCTCTTTTTGTTTGGTCTGTATTGATTACAGCTTTTTTATTATTACTTTCACTGCCAGTATTAGCTGGTGGGAGTACAATGTTACTAACAGATAGAAATTTCAATACAGTTTTTTATAAATATAAAGGAGATGGGGACCCTGTTTTATACCAGCGCTTATTT
f4ea4cff576326d1a9ee9f1c6ffbd5703c4c0475,TCTAGCTGGCAATCTAGCTCATGCTGGAGCCTCAGTAGACCTAGCAATCTTCTCTCTTCACTTAGCAGGTGTGTCTTCCATTCTGGGTGCTATCAACTTTATCACTACAGCCATCAACATAAAACCCCCTGCCCTCTCACAATATCAAACCCCACTATTCGTATGATCCGTACTCATCACTGCCGTCCTATTACTACTTTCACTCCCAGTGCTTGCCGCAGGCATTACTATGCTACTTACAGACCGAAACCTAAACACAACATTCTTCGACCCTGCTGGAGGAGGTGACCCGATCCTTTACCAGCACCTCTTC
f64955738403661be055196a7ef374bf2f321add,ACTGGCTTCCGTAGAAGCTCACTCGGGTAGCTCTGTTGACCTGGCTATCTTCTCGCTTCACCTAGCGGGTATCTCCTCTATCCTTGGAGCGGTGAACTTCATCACCACTATTATTAATATAAAACCACCAGCCCTGTCTCAATATCAAACACCACTGTTCGTTTGATCCGTAATAATTACAGCAGTCCTCCTTCTCCTTTCACTACCAGTCTTAGCAGCTGGCATTACAATACTTCTAACAGACCGAAACCTGAACACAACATTCTTTGACCCTGCAGGAGGTGGAGACCCAATCCTATATCAACATCTTTTC
f6dc9c338052e897c3601d56104b07bead1ba884,ATTGAGTATTCTTGAAAAAGCTATTCCAGGTTCAGGAACGGGAATGACATTGTGGTTGTTATCAATGACATTGTTTATCGCTTCTTCTTTGTTAGGTGCTTTGAACTACATCGTAACTATTTTGAATTTAAGAACAATAGGAATGAAAATGACAAGACTGCCACTTACAATTTGGGCATTCTTTGTAACTGCAATTCTTGGTGTACTTTCTTTCCCAGTATTGGTTTCAGCAGTATTGTTATTATTGATGGACAAATCTTTTGGAACAAGTTTCTACCTTTCAGATATCTTTATCGGAGGAGAAGCATTAGATGCTTCTGGAGGTTCTCCAATTTTGTACCAACATTTATTT
2e46f9be10f6c3fe32646ff7213f9a80843c7e41,ATTAGCCGGAAACCTAGCTCACGCTGGAGCTTCTGTAGATTTAGCTATCTTCTCTCTCCACCTAGCGGGCGTATCATCCATCCTAGGGGCTATTAACTTCATTACCACCATTATTAATATAAAACCACCAGCCCTGTCTCAATATCAAACACCACTGTTCGTTTGATCCGTAATAATTACAGCAGTCCTCCTTCTCCTTTCACTACCAGTCTTAGCAGCTGGCATTACAATACTTCTAACAGACCGAAACCTGAACACAACATTCTTTGACCCTGCAGGAGGTGGAGACCCAATCCTATATCAACATCTTTTC
