First_trim_R1,nReads_R1,First_trim_R2,nReads_R2,Second_trim_R1,nReads_StR1,Second_trim_R2,nReads_StR2,NEW_OUTPUT_Fwd_1,nreadsFwd,NEW_OUTPUT_Rev_1,nreadsRev
Lib_A-ACACAC_round1.1.fastq,  256088,Lib_A-ACACAC_round1.2.fastq,  256088,Lib_A_ACACAC_mid.1.fastq,  177740,Lib_A_ACACAC_mid.2.fastq,  177740,Lib_A_ACACAC_Fwd.1.fastq,  151052,Lib_A_ACACAC_Rev.1.fastq,   25340
Lib_A-ACAGCA_round1.1.fastq,  475512,Lib_A-ACAGCA_round1.2.fastq,  475512,Lib_A_ACAGCA_mid.1.fastq,  333484,Lib_A_ACAGCA_mid.2.fastq,  333484,Lib_A_ACAGCA_Fwd.1.fastq,  275004,Lib_A_ACAGCA_Rev.1.fastq,   55868
Lib_A-ACATGT_round1.1.fastq,  455796,Lib_A-ACATGT_round1.2.fastq,  455796,Lib_A_ACATGT_mid.1.fastq,  321280,Lib_A_ACATGT_mid.2.fastq,  321280,Lib_A_ACATGT_Fwd.1.fastq,  260208,Lib_A_ACATGT_Rev.1.fastq,   58644
Lib_A-ACGACG_round1.1.fastq,  476248,Lib_A-ACGACG_round1.2.fastq,  476248,Lib_A_ACGACG_mid.1.fastq,  341896,Lib_A_ACGACG_mid.2.fastq,  341896,Lib_A_ACGACG_Fwd.1.fastq,  268212,Lib_A_ACGACG_Rev.1.fastq,   71496
Lib_A-ATATCG_round1.1.fastq,  691416,Lib_A-ATATCG_round1.2.fastq,  691416,Lib_A_ATATCG_mid.1.fastq,  487796,Lib_A_ATATCG_mid.2.fastq,  487796,Lib_A_ATATCG_Fwd.1.fastq,  368912,Lib_A_ATATCG_Rev.1.fastq,  116372
Lib_A-ATCAGT_round1.1.fastq,  333696,Lib_A-ATCAGT_round1.2.fastq,  333696,Lib_A_ATCAGT_mid.1.fastq,  233032,Lib_A_ATCAGT_mid.2.fastq,  233032,Lib_A_ATCAGT_Fwd.1.fastq,  182852,Lib_A_ATCAGT_Rev.1.fastq,   48656
Lib_A-CGACGC_round1.1.fastq,  344676,Lib_A-CGACGC_round1.2.fastq,  344676,Lib_A_CGACGC_mid.1.fastq,  246288,Lib_A_CGACGC_mid.2.fastq,  246288,Lib_A_CGACGC_Fwd.1.fastq,  194536,Lib_A_CGACGC_Rev.1.fastq,   49408
Lib_A-CTCGCA_round1.1.fastq,  377916,Lib_A-CTCGCA_round1.2.fastq,  377916,Lib_A_CTCGCA_mid.1.fastq,  265524,Lib_A_CTCGCA_mid.2.fastq,  265524,Lib_A_CTCGCA_Fwd.1.fastq,  215592,Lib_A_CTCGCA_Rev.1.fastq,   47688
Lib_A-GATGAC_round1.1.fastq,  450660,Lib_A-GATGAC_round1.2.fastq,  450660,Lib_A_GATGAC_mid.1.fastq,  328508,Lib_A_GATGAC_mid.2.fastq,  328508,Lib_A_GATGAC_Fwd.1.fastq,  284136,Lib_A_GATGAC_Rev.1.fastq,   41360
Lib_A-GCAGTG_round1.1.fastq,  687548,Lib_A-GCAGTG_round1.2.fastq,  687548,Lib_A_GCAGTG_mid.1.fastq,  493188,Lib_A_GCAGTG_mid.2.fastq,  493188,Lib_A_GCAGTG_Fwd.1.fastq,  291928,Lib_A_GCAGTG_Rev.1.fastq,  112608
Lib_A-GCGAGT_round1.1.fastq,  322512,Lib_A-GCGAGT_round1.2.fastq,  322512,Lib_A_GCGAGT_mid.1.fastq,  222156,Lib_A_GCGAGT_mid.2.fastq,  222156,Lib_A_GCGAGT_Fwd.1.fastq,  184912,Lib_A_GCGAGT_Rev.1.fastq,   34968
Lib_A-GCGCTC_round1.1.fastq,  559116,Lib_A-GCGCTC_round1.2.fastq,  559116,Lib_A_GCGCTC_mid.1.fastq,  416464,Lib_A_GCGCTC_mid.2.fastq,  416464,Lib_A_GCGCTC_Fwd.1.fastq,  323224,Lib_A_GCGCTC_Rev.1.fastq,   88704
Lib_A-GTCTCT_round1.1.fastq, 3754844,Lib_A-GTCTCT_round1.2.fastq, 3754844,Lib_A_GTCTCT_mid.1.fastq, 3058052,Lib_A_GTCTCT_mid.2.fastq, 3058052,Lib_A_GTCTCT_Fwd.1.fastq, 2125224,Lib_A_GTCTCT_Rev.1.fastq,  923736
Lib_A-TCGCAT_round1.1.fastq,  836772,Lib_A-TCGCAT_round1.2.fastq,  836772,Lib_A_TCGCAT_mid.1.fastq,  625104,Lib_A_TCGCAT_mid.2.fastq,  625104,Lib_A_TCGCAT_Fwd.1.fastq,  459560,Lib_A_TCGCAT_Rev.1.fastq,  163048
Lib_A-TCGTCA_round1.1.fastq,  565020,Lib_A-TCGTCA_round1.2.fastq,  565020,Lib_A_TCGTCA_mid.1.fastq,  409764,Lib_A_TCGTCA_mid.2.fastq,  409764,Lib_A_TCGTCA_Fwd.1.fastq,  344776,Lib_A_TCGTCA_Rev.1.fastq,   61528
Lib_A-TGTATG_round1.1.fastq,  368248,Lib_A-TGTATG_round1.2.fastq,  368248,Lib_A_TGTATG_mid.1.fastq,  264912,Lib_A_TGTATG_mid.2.fastq,  264912,Lib_A_TGTATG_Fwd.1.fastq,  212676,Lib_A_TGTATG_Rev.1.fastq,   49808
Lib_B-ACACAC_round1.1.fastq,  325380,Lib_B-ACACAC_round1.2.fastq,  325380,Lib_B_ACACAC_mid.1.fastq,  202608,Lib_B_ACACAC_mid.2.fastq,  202608,Lib_B_ACACAC_Fwd.1.fastq,  159764,Lib_B_ACACAC_Rev.1.fastq,   41476
Lib_B-ACAGCA_round1.1.fastq,  630140,Lib_B-ACAGCA_round1.2.fastq,  630140,Lib_B_ACAGCA_mid.1.fastq,  417716,Lib_B_ACAGCA_mid.2.fastq,  417716,Lib_B_ACAGCA_Fwd.1.fastq,  306296,Lib_B_ACAGCA_Rev.1.fastq,  109376
Lib_B-ACATGT_round1.1.fastq,  327416,Lib_B-ACATGT_round1.2.fastq,  327416,Lib_B_ACATGT_mid.1.fastq,  222004,Lib_B_ACATGT_mid.2.fastq,  222004,Lib_B_ACATGT_Fwd.1.fastq,  164316,Lib_B_ACATGT_Rev.1.fastq,   56028
Lib_B-ACGACG_round1.1.fastq,  549368,Lib_B-ACGACG_round1.2.fastq,  549368,Lib_B_ACGACG_mid.1.fastq,  384236,Lib_B_ACGACG_mid.2.fastq,  384236,Lib_B_ACGACG_Fwd.1.fastq,  278936,Lib_B_ACGACG_Rev.1.fastq,  102452
Lib_B-ATATCG_round1.1.fastq,  441836,Lib_B-ATATCG_round1.2.fastq,  441836,Lib_B_ATATCG_mid.1.fastq,  307796,Lib_B_ATATCG_mid.2.fastq,  307796,Lib_B_ATATCG_Fwd.1.fastq,  239036,Lib_B_ATATCG_Rev.1.fastq,   66560
Lib_B-ATCAGT_round1.1.fastq,  523040,Lib_B-ATCAGT_round1.2.fastq,  523040,Lib_B_ATCAGT_mid.1.fastq,  362424,Lib_B_ATCAGT_mid.2.fastq,  362424,Lib_B_ATCAGT_Fwd.1.fastq,  268964,Lib_B_ATCAGT_Rev.1.fastq,   91652
Lib_B-CGACGC_round1.1.fastq,  972832,Lib_B-CGACGC_round1.2.fastq,  972832,Lib_B_CGACGC_mid.1.fastq,  677788,Lib_B_CGACGC_mid.2.fastq,  677788,Lib_B_CGACGC_Fwd.1.fastq,  457772,Lib_B_CGACGC_Rev.1.fastq,  216700
Lib_B-CTCGCA_round1.1.fastq,  366624,Lib_B-CTCGCA_round1.2.fastq,  366624,Lib_B_CTCGCA_mid.1.fastq,  238948,Lib_B_CTCGCA_mid.2.fastq,  238948,Lib_B_CTCGCA_Fwd.1.fastq,  186348,Lib_B_CTCGCA_Rev.1.fastq,   51016
Lib_B-GATGAC_round1.1.fastq,  413920,Lib_B-GATGAC_round1.2.fastq,  413920,Lib_B_GATGAC_mid.1.fastq,  277408,Lib_B_GATGAC_mid.2.fastq,  277408,Lib_B_GATGAC_Fwd.1.fastq,  219440,Lib_B_GATGAC_Rev.1.fastq,   56556
Lib_B-GCAGTG_round1.1.fastq,  529488,Lib_B-GCAGTG_round1.2.fastq,  529488,Lib_B_GCAGTG_mid.1.fastq,  360732,Lib_B_GCAGTG_mid.2.fastq,  360732,Lib_B_GCAGTG_Fwd.1.fastq,  201512,Lib_B_GCAGTG_Rev.1.fastq,   98300
Lib_B-GCGAGT_round1.1.fastq,  279084,Lib_B-GCGAGT_round1.2.fastq,  279084,Lib_B_GCGAGT_mid.1.fastq,  183172,Lib_B_GCGAGT_mid.2.fastq,  183172,Lib_B_GCGAGT_Fwd.1.fastq,  139608,Lib_B_GCGAGT_Rev.1.fastq,   42304
Lib_B-GCGCTC_round1.1.fastq,  315388,Lib_B-GCGCTC_round1.2.fastq,  315388,Lib_B_GCGCTC_mid.1.fastq,  201552,Lib_B_GCGCTC_mid.2.fastq,  201552,Lib_B_GCGCTC_Fwd.1.fastq,  150588,Lib_B_GCGCTC_Rev.1.fastq,   49196
Lib_B-GTCTCT_round1.1.fastq,  417896,Lib_B-GTCTCT_round1.2.fastq,  417896,Lib_B_GTCTCT_mid.1.fastq,  303652,Lib_B_GTCTCT_mid.2.fastq,  303652,Lib_B_GTCTCT_Fwd.1.fastq,  226868,Lib_B_GTCTCT_Rev.1.fastq,   74988
Lib_B-TCGCAT_round1.1.fastq,  436444,Lib_B-TCGCAT_round1.2.fastq,  436444,Lib_B_TCGCAT_mid.1.fastq,  277464,Lib_B_TCGCAT_mid.2.fastq,  277464,Lib_B_TCGCAT_Fwd.1.fastq,  208896,Lib_B_TCGCAT_Rev.1.fastq,   66700
Lib_B-TCGTCA_round1.1.fastq, 1243380,Lib_B-TCGTCA_round1.2.fastq, 1243380,Lib_B_TCGTCA_mid.1.fastq,  904432,Lib_B_TCGTCA_mid.2.fastq,  904432,Lib_B_TCGTCA_Fwd.1.fastq,  669656,Lib_B_TCGTCA_Rev.1.fastq,  231448
Lib_B-TGTATG_round1.1.fastq, 1635928,Lib_B-TGTATG_round1.2.fastq, 1635928,Lib_B_TGTATG_mid.1.fastq, 1271396,Lib_B_TGTATG_mid.2.fastq, 1271396,Lib_B_TGTATG_Fwd.1.fastq,  866156,Lib_B_TGTATG_Rev.1.fastq,  402096
Lib_C-ACACAC_round1.1.fastq,  322348,Lib_C-ACACAC_round1.2.fastq,  322348,Lib_C_ACACAC_mid.1.fastq,  220428,Lib_C_ACACAC_mid.2.fastq,  220428,Lib_C_ACACAC_Fwd.1.fastq,  158488,Lib_C_ACACAC_Rev.1.fastq,   60452
Lib_C-ACAGCA_round1.1.fastq,  280328,Lib_C-ACAGCA_round1.2.fastq,  280328,Lib_C_ACAGCA_mid.1.fastq,  189304,Lib_C_ACAGCA_mid.2.fastq,  189304,Lib_C_ACAGCA_Fwd.1.fastq,  141884,Lib_C_ACAGCA_Rev.1.fastq,   46384
Lib_C-ACATGT_round1.1.fastq,  369140,Lib_C-ACATGT_round1.2.fastq,  369140,Lib_C_ACATGT_mid.1.fastq,  255136,Lib_C_ACATGT_mid.2.fastq,  255136,Lib_C_ACATGT_Fwd.1.fastq,  183720,Lib_C_ACATGT_Rev.1.fastq,   69888
Lib_C-ACGACG_round1.1.fastq,  380844,Lib_C-ACGACG_round1.2.fastq,  380844,Lib_C_ACGACG_mid.1.fastq,  248792,Lib_C_ACGACG_mid.2.fastq,  248792,Lib_C_ACGACG_Fwd.1.fastq,  174940,Lib_C_ACGACG_Rev.1.fastq,   71964
Lib_C-ATATCG_round1.1.fastq,  529564,Lib_C-ATATCG_round1.2.fastq,  529564,Lib_C_ATATCG_mid.1.fastq,  354064,Lib_C_ATATCG_mid.2.fastq,  354064,Lib_C_ATATCG_Fwd.1.fastq,  261772,Lib_C_ATATCG_Rev.1.fastq,   89916
Lib_C-ATCAGT_round1.1.fastq,  893572,Lib_C-ATCAGT_round1.2.fastq,  893572,Lib_C_ATCAGT_mid.1.fastq,  643220,Lib_C_ATCAGT_mid.2.fastq,  643220,Lib_C_ATCAGT_Fwd.1.fastq,  445032,Lib_C_ATCAGT_Rev.1.fastq,  195712
Lib_C-CGACGC_round1.1.fastq,  991348,Lib_C-CGACGC_round1.2.fastq,  991348,Lib_C_CGACGC_mid.1.fastq,  745616,Lib_C_CGACGC_mid.2.fastq,  745616,Lib_C_CGACGC_Fwd.1.fastq,  507608,Lib_C_CGACGC_Rev.1.fastq,  234492
Lib_C-CTCGCA_round1.1.fastq,  506276,Lib_C-CTCGCA_round1.2.fastq,  506276,Lib_C_CTCGCA_mid.1.fastq,  329568,Lib_C_CTCGCA_mid.2.fastq,  329568,Lib_C_CTCGCA_Fwd.1.fastq,  236760,Lib_C_CTCGCA_Rev.1.fastq,   89848
Lib_C-GATGAC_round1.1.fastq, 1056416,Lib_C-GATGAC_round1.2.fastq, 1056416,Lib_C_GATGAC_mid.1.fastq,  766564,Lib_C_GATGAC_mid.2.fastq,  766564,Lib_C_GATGAC_Fwd.1.fastq,  587200,Lib_C_GATGAC_Rev.1.fastq,  176416
Lib_C-GCAGTG_round1.1.fastq, 1103940,Lib_C-GCAGTG_round1.2.fastq, 1103940,Lib_C_GCAGTG_mid.1.fastq,  822184,Lib_C_GCAGTG_mid.2.fastq,  822184,Lib_C_GCAGTG_Fwd.1.fastq,  499720,Lib_C_GCAGTG_Rev.1.fastq,  239268
Lib_C-GCGAGT_round1.1.fastq,  361912,Lib_C-GCGAGT_round1.2.fastq,  361912,Lib_C_GCGAGT_mid.1.fastq,  229000,Lib_C_GCGAGT_mid.2.fastq,  229000,Lib_C_GCGAGT_Fwd.1.fastq,  164932,Lib_C_GCGAGT_Rev.1.fastq,   62388
Lib_C-GCGCTC_round1.1.fastq,   18840,Lib_C-GCGCTC_round1.2.fastq,   18840,Lib_C_GCGCTC_mid.1.fastq,   13412,Lib_C_GCGCTC_mid.2.fastq,   13412,Lib_C_GCGCTC_Fwd.1.fastq,    9800,Lib_C_GCGCTC_Rev.1.fastq,    3540
Lib_C-GTCTCT_round1.1.fastq,  300828,Lib_C-GTCTCT_round1.2.fastq,  300828,Lib_C_GTCTCT_mid.1.fastq,  194652,Lib_C_GTCTCT_mid.2.fastq,  194652,Lib_C_GTCTCT_Fwd.1.fastq,  139184,Lib_C_GTCTCT_Rev.1.fastq,   54320
Lib_C-TCGCAT_round1.1.fastq,  270224,Lib_C-TCGCAT_round1.2.fastq,  270224,Lib_C_TCGCAT_mid.1.fastq,  166836,Lib_C_TCGCAT_mid.2.fastq,  166836,Lib_C_TCGCAT_Fwd.1.fastq,  120984,Lib_C_TCGCAT_Rev.1.fastq,   44544
Lib_C-TCGTCA_round1.1.fastq,  203720,Lib_C-TCGTCA_round1.2.fastq,  203720,Lib_C_TCGTCA_mid.1.fastq,  127252,Lib_C_TCGTCA_mid.2.fastq,  127252,Lib_C_TCGTCA_Fwd.1.fastq,   99044,Lib_C_TCGTCA_Rev.1.fastq,   27180
Lib_C-TGTATG_round1.1.fastq,  357684,Lib_C-TGTATG_round1.2.fastq,  357684,Lib_C_TGTATG_mid.1.fastq,  247472,Lib_C_TGTATG_mid.2.fastq,  247472,Lib_C_TGTATG_Fwd.1.fastq,  182204,Lib_C_TGTATG_Rev.1.fastq,   63264
Lib_D-ACACAC_round1.1.fastq,  406088,Lib_D-ACACAC_round1.2.fastq,  406088,Lib_D_ACACAC_mid.1.fastq,  314612,Lib_D_ACACAC_mid.2.fastq,  314612,Lib_D_ACACAC_Fwd.1.fastq,  243532,Lib_D_ACACAC_Rev.1.fastq,   69208
Lib_D-ACAGCA_round1.1.fastq,  538388,Lib_D-ACAGCA_round1.2.fastq,  538388,Lib_D_ACAGCA_mid.1.fastq,  408212,Lib_D_ACAGCA_mid.2.fastq,  408212,Lib_D_ACAGCA_Fwd.1.fastq,  297416,Lib_D_ACAGCA_Rev.1.fastq,  108428
Lib_D-ACATGT_round1.1.fastq,    2796,Lib_D-ACATGT_round1.2.fastq,    2796,Lib_D_ACATGT_mid.1.fastq,    1960,Lib_D_ACATGT_mid.2.fastq,    1960,Lib_D_ACATGT_Fwd.1.fastq,    1380,Lib_D_ACATGT_Rev.1.fastq,     560
Lib_D-ACGACG_round1.1.fastq,     704,Lib_D-ACGACG_round1.2.fastq,     704,Lib_D_ACGACG_mid.1.fastq,     280,Lib_D_ACGACG_mid.2.fastq,     280,Lib_D_ACGACG_Fwd.1.fastq,     188,Lib_D_ACGACG_Rev.1.fastq,      68
Lib_D-ATATCG_round1.1.fastq,  584724,Lib_D-ATATCG_round1.2.fastq,  584724,Lib_D_ATATCG_mid.1.fastq,  451348,Lib_D_ATATCG_mid.2.fastq,  451348,Lib_D_ATATCG_Fwd.1.fastq,  323704,Lib_D_ATATCG_Rev.1.fastq,  125208
Lib_D-ATCAGT_round1.1.fastq,  530228,Lib_D-ATCAGT_round1.2.fastq,  530228,Lib_D_ATCAGT_mid.1.fastq,  413296,Lib_D_ATCAGT_mid.2.fastq,  413296,Lib_D_ATCAGT_Fwd.1.fastq,  282076,Lib_D_ATCAGT_Rev.1.fastq,  128456
Lib_D-CGACGC_round1.1.fastq,  324744,Lib_D-CGACGC_round1.2.fastq,  324744,Lib_D_CGACGC_mid.1.fastq,  238704,Lib_D_CGACGC_mid.2.fastq,  238704,Lib_D_CGACGC_Fwd.1.fastq,  162152,Lib_D_CGACGC_Rev.1.fastq,   74896
Lib_D-CTCGCA_round1.1.fastq, 1195436,Lib_D-CTCGCA_round1.2.fastq, 1195436,Lib_D_CTCGCA_mid.1.fastq,  914928,Lib_D_CTCGCA_mid.2.fastq,  914928,Lib_D_CTCGCA_Fwd.1.fastq,  615156,Lib_D_CTCGCA_Rev.1.fastq,  295172
Lib_D-GATGAC_round1.1.fastq,  500176,Lib_D-GATGAC_round1.2.fastq,  500176,Lib_D_GATGAC_mid.1.fastq,  392172,Lib_D_GATGAC_mid.2.fastq,  392172,Lib_D_GATGAC_Fwd.1.fastq,  303920,Lib_D_GATGAC_Rev.1.fastq,   85800
Lib_D-GCAGTG_round1.1.fastq,  809212,Lib_D-GCAGTG_round1.2.fastq,  809212,Lib_D_GCAGTG_mid.1.fastq,  596712,Lib_D_GCAGTG_mid.2.fastq,  596712,Lib_D_GCAGTG_Fwd.1.fastq,  309752,Lib_D_GCAGTG_Rev.1.fastq,  204608
Lib_D-GCGAGT_round1.1.fastq,  814716,Lib_D-GCGAGT_round1.2.fastq,  814716,Lib_D_GCGAGT_mid.1.fastq,  618580,Lib_D_GCGAGT_mid.2.fastq,  618580,Lib_D_GCGAGT_Fwd.1.fastq,  443128,Lib_D_GCGAGT_Rev.1.fastq,  170704
Lib_D-GCGCTC_round1.1.fastq,  477120,Lib_D-GCGCTC_round1.2.fastq,  477120,Lib_D_GCGCTC_mid.1.fastq,  367792,Lib_D_GCGCTC_mid.2.fastq,  367792,Lib_D_GCGCTC_Fwd.1.fastq,  255832,Lib_D_GCGCTC_Rev.1.fastq,  109596
Lib_D-GTCTCT_round1.1.fastq,  667516,Lib_D-GTCTCT_round1.2.fastq,  667516,Lib_D_GTCTCT_mid.1.fastq,  489684,Lib_D_GTCTCT_mid.2.fastq,  489684,Lib_D_GTCTCT_Fwd.1.fastq,  332692,Lib_D_GTCTCT_Rev.1.fastq,  153936
Lib_D-TCGCAT_round1.1.fastq,  600508,Lib_D-TCGCAT_round1.2.fastq,  600508,Lib_D_TCGCAT_mid.1.fastq,  433252,Lib_D_TCGCAT_mid.2.fastq,  433252,Lib_D_TCGCAT_Fwd.1.fastq,  301900,Lib_D_TCGCAT_Rev.1.fastq,  128740
Lib_D-TCGTCA_round1.1.fastq,  403108,Lib_D-TCGTCA_round1.2.fastq,  403108,Lib_D_TCGTCA_mid.1.fastq,  292492,Lib_D_TCGTCA_mid.2.fastq,  292492,Lib_D_TCGTCA_Fwd.1.fastq,  226728,Lib_D_TCGTCA_Rev.1.fastq,   63896
Lib_D-TGTATG_round1.1.fastq,     512,Lib_D-TGTATG_round1.2.fastq,     512,Lib_D_TGTATG_mid.1.fastq,     276,Lib_D_TGTATG_mid.2.fastq,     276,Lib_D_TGTATG_Fwd.1.fastq,     212,Lib_D_TGTATG_Rev.1.fastq,      52
Lib_E-ACACAC_round1.1.fastq,   90364,Lib_E-ACACAC_round1.2.fastq,   90364,Lib_E_ACACAC_mid.1.fastq,   50676,Lib_E_ACACAC_mid.2.fastq,   50676,Lib_E_ACACAC_Fwd.1.fastq,   41096,Lib_E_ACACAC_Rev.1.fastq,    8916
Lib_E-ACAGCA_round1.1.fastq,   96928,Lib_E-ACAGCA_round1.2.fastq,   96928,Lib_E_ACAGCA_mid.1.fastq,   56780,Lib_E_ACAGCA_mid.2.fastq,   56780,Lib_E_ACAGCA_Fwd.1.fastq,   44616,Lib_E_ACAGCA_Rev.1.fastq,   11472
Lib_E-ACATGT_round1.1.fastq,  233440,Lib_E-ACATGT_round1.2.fastq,  233440,Lib_E_ACATGT_mid.1.fastq,  149084,Lib_E_ACATGT_mid.2.fastq,  149084,Lib_E_ACATGT_Fwd.1.fastq,  113140,Lib_E_ACATGT_Rev.1.fastq,   34492
Lib_E-ACGACG_round1.1.fastq,  142608,Lib_E-ACGACG_round1.2.fastq,  142608,Lib_E_ACGACG_mid.1.fastq,  105668,Lib_E_ACGACG_mid.2.fastq,  105668,Lib_E_ACGACG_Fwd.1.fastq,   79360,Lib_E_ACGACG_Rev.1.fastq,   25412
Lib_E-ATATCG_round1.1.fastq,   84684,Lib_E-ATATCG_round1.2.fastq,   84684,Lib_E_ATATCG_mid.1.fastq,   56288,Lib_E_ATATCG_mid.2.fastq,   56288,Lib_E_ATATCG_Fwd.1.fastq,   44468,Lib_E_ATATCG_Rev.1.fastq,   11224
Lib_E-ATCAGT_round1.1.fastq,   95056,Lib_E-ATCAGT_round1.2.fastq,   95056,Lib_E_ATCAGT_mid.1.fastq,   67308,Lib_E_ATCAGT_mid.2.fastq,   67308,Lib_E_ATCAGT_Fwd.1.fastq,   50580,Lib_E_ATCAGT_Rev.1.fastq,   16128
Lib_E-CGACGC_round1.1.fastq,   50348,Lib_E-CGACGC_round1.2.fastq,   50348,Lib_E_CGACGC_mid.1.fastq,   29892,Lib_E_CGACGC_mid.2.fastq,   29892,Lib_E_CGACGC_Fwd.1.fastq,   21400,Lib_E_CGACGC_Rev.1.fastq,    7932
Lib_E-CTCGCA_round1.1.fastq,  567404,Lib_E-CTCGCA_round1.2.fastq,  567404,Lib_E_CTCGCA_mid.1.fastq,  422204,Lib_E_CTCGCA_mid.2.fastq,  422204,Lib_E_CTCGCA_Fwd.1.fastq,  328348,Lib_E_CTCGCA_Rev.1.fastq,   90072
Lib_E-GATGAC_round1.1.fastq,   76160,Lib_E-GATGAC_round1.2.fastq,   76160,Lib_E_GATGAC_mid.1.fastq,   49592,Lib_E_GATGAC_mid.2.fastq,   49592,Lib_E_GATGAC_Fwd.1.fastq,   41216,Lib_E_GATGAC_Rev.1.fastq,    7828
Lib_E-GCAGTG_round1.1.fastq,    1084,Lib_E-GCAGTG_round1.2.fastq,    1084,Lib_E_GCAGTG_mid.1.fastq,     640,Lib_E_GCAGTG_mid.2.fastq,     640,Lib_E_GCAGTG_Fwd.1.fastq,     284,Lib_E_GCAGTG_Rev.1.fastq,     200
Lib_E-GCGAGT_round1.1.fastq,   53912,Lib_E-GCGAGT_round1.2.fastq,   53912,Lib_E_GCGAGT_mid.1.fastq,   31104,Lib_E_GCGAGT_mid.2.fastq,   31104,Lib_E_GCGAGT_Fwd.1.fastq,   24420,Lib_E_GCGAGT_Rev.1.fastq,    6352
Lib_E-GCGCTC_round1.1.fastq,   76060,Lib_E-GCGCTC_round1.2.fastq,   76060,Lib_E_GCGCTC_mid.1.fastq,   40116,Lib_E_GCGCTC_mid.2.fastq,   40116,Lib_E_GCGCTC_Fwd.1.fastq,   31088,Lib_E_GCGCTC_Rev.1.fastq,    8668
Lib_E-GTCTCT_round1.1.fastq,  219452,Lib_E-GTCTCT_round1.2.fastq,  219452,Lib_E_GTCTCT_mid.1.fastq,  141992,Lib_E_GTCTCT_mid.2.fastq,  141992,Lib_E_GTCTCT_Fwd.1.fastq,  105304,Lib_E_GTCTCT_Rev.1.fastq,   35140
Lib_E-TCGCAT_round1.1.fastq,  100680,Lib_E-TCGCAT_round1.2.fastq,  100680,Lib_E_TCGCAT_mid.1.fastq,   59152,Lib_E_TCGCAT_mid.2.fastq,   59152,Lib_E_TCGCAT_Fwd.1.fastq,   44392,Lib_E_TCGCAT_Rev.1.fastq,   14284
Lib_E-TCGTCA_round1.1.fastq,  112072,Lib_E-TCGTCA_round1.2.fastq,  112072,Lib_E_TCGTCA_mid.1.fastq,   73708,Lib_E_TCGTCA_mid.2.fastq,   73708,Lib_E_TCGTCA_Fwd.1.fastq,   58604,Lib_E_TCGTCA_Rev.1.fastq,   14132
Lib_E-TGTATG_round1.1.fastq,  168588,Lib_E-TGTATG_round1.2.fastq,  168588,Lib_E_TGTATG_mid.1.fastq,  118052,Lib_E_TGTATG_mid.2.fastq,  118052,Lib_E_TGTATG_Fwd.1.fastq,   90700,Lib_E_TGTATG_Rev.1.fastq,   26172
Lib_F-ACACAC_round1.1.fastq,  584408,Lib_F-ACACAC_round1.2.fastq,  584408,Lib_F_ACACAC_mid.1.fastq,  419236,Lib_F_ACACAC_mid.2.fastq,  419236,Lib_F_ACACAC_Fwd.1.fastq,  339924,Lib_F_ACACAC_Rev.1.fastq,   75940
Lib_F-ACAGCA_round1.1.fastq,  712144,Lib_F-ACAGCA_round1.2.fastq,  712144,Lib_F_ACAGCA_mid.1.fastq,  509308,Lib_F_ACAGCA_mid.2.fastq,  509308,Lib_F_ACAGCA_Fwd.1.fastq,  386504,Lib_F_ACAGCA_Rev.1.fastq,  119752
Lib_F-ACATGT_round1.1.fastq, 1175932,Lib_F-ACATGT_round1.2.fastq, 1175932,Lib_F_ACATGT_mid.1.fastq,  875852,Lib_F_ACATGT_mid.2.fastq,  875852,Lib_F_ACATGT_Fwd.1.fastq,  600160,Lib_F_ACATGT_Rev.1.fastq,  271936
Lib_F-ACGACG_round1.1.fastq,  373044,Lib_F-ACGACG_round1.2.fastq,  373044,Lib_F_ACGACG_mid.1.fastq,  265980,Lib_F_ACGACG_mid.2.fastq,  265980,Lib_F_ACGACG_Fwd.1.fastq,  199908,Lib_F_ACGACG_Rev.1.fastq,   64184
Lib_F-ATATCG_round1.1.fastq,  405792,Lib_F-ATATCG_round1.2.fastq,  405792,Lib_F_ATATCG_mid.1.fastq,  286092,Lib_F_ATATCG_mid.2.fastq,  286092,Lib_F_ATATCG_Fwd.1.fastq,  229288,Lib_F_ATATCG_Rev.1.fastq,   54736
Lib_F-ATCAGT_round1.1.fastq,  378812,Lib_F-ATCAGT_round1.2.fastq,  378812,Lib_F_ATCAGT_mid.1.fastq,  269568,Lib_F_ATCAGT_mid.2.fastq,  269568,Lib_F_ATCAGT_Fwd.1.fastq,  204944,Lib_F_ATCAGT_Rev.1.fastq,   63152
Lib_F-CGACGC_round1.1.fastq,  341064,Lib_F-CGACGC_round1.2.fastq,  341064,Lib_F_CGACGC_mid.1.fastq,  225316,Lib_F_CGACGC_mid.2.fastq,  225316,Lib_F_CGACGC_Fwd.1.fastq,  166492,Lib_F_CGACGC_Rev.1.fastq,   57036
Lib_F-CTCGCA_round1.1.fastq,  389156,Lib_F-CTCGCA_round1.2.fastq,  389156,Lib_F_CTCGCA_mid.1.fastq,  287712,Lib_F_CTCGCA_mid.2.fastq,  287712,Lib_F_CTCGCA_Fwd.1.fastq,  227328,Lib_F_CTCGCA_Rev.1.fastq,   58028
Lib_F-GATGAC_round1.1.fastq,  259840,Lib_F-GATGAC_round1.2.fastq,  259840,Lib_F_GATGAC_mid.1.fastq,  187756,Lib_F_GATGAC_mid.2.fastq,  187756,Lib_F_GATGAC_Fwd.1.fastq,  156004,Lib_F_GATGAC_Rev.1.fastq,   30672
Lib_F-GCAGTG_round1.1.fastq,  398604,Lib_F-GCAGTG_round1.2.fastq,  398604,Lib_F_GCAGTG_mid.1.fastq,  282780,Lib_F_GCAGTG_mid.2.fastq,  282780,Lib_F_GCAGTG_Fwd.1.fastq,  160380,Lib_F_GCAGTG_Rev.1.fastq,   68124
Lib_F-GCGAGT_round1.1.fastq,  603392,Lib_F-GCGAGT_round1.2.fastq,  603392,Lib_F_GCGAGT_mid.1.fastq,  404368,Lib_F_GCGAGT_mid.2.fastq,  404368,Lib_F_GCGAGT_Fwd.1.fastq,  314716,Lib_F_GCGAGT_Rev.1.fastq,   86220
Lib_F-GCGCTC_round1.1.fastq,  207976,Lib_F-GCGCTC_round1.2.fastq,  207976,Lib_F_GCGCTC_mid.1.fastq,  136852,Lib_F_GCGCTC_mid.2.fastq,  136852,Lib_F_GCGCTC_Fwd.1.fastq,  108028,Lib_F_GCGCTC_Rev.1.fastq,   27760
Lib_F-GTCTCT_round1.1.fastq,  815828,Lib_F-GTCTCT_round1.2.fastq,  815828,Lib_F_GTCTCT_mid.1.fastq,  595264,Lib_F_GTCTCT_mid.2.fastq,  595264,Lib_F_GTCTCT_Fwd.1.fastq,  429688,Lib_F_GTCTCT_Rev.1.fastq,  161640
Lib_F-TCGCAT_round1.1.fastq,  356328,Lib_F-TCGCAT_round1.2.fastq,  356328,Lib_F_TCGCAT_mid.1.fastq,  241320,Lib_F_TCGCAT_mid.2.fastq,  241320,Lib_F_TCGCAT_Fwd.1.fastq,  186452,Lib_F_TCGCAT_Rev.1.fastq,   53240
Lib_F-TCGTCA_round1.1.fastq,    6976,Lib_F-TCGTCA_round1.2.fastq,    6976,Lib_F_TCGTCA_mid.1.fastq,    4652,Lib_F_TCGTCA_mid.2.fastq,    4652,Lib_F_TCGTCA_Fwd.1.fastq,    3752,Lib_F_TCGTCA_Rev.1.fastq,     872
Lib_F-TGTATG_round1.1.fastq,  291384,Lib_F-TGTATG_round1.2.fastq,  291384,Lib_F_TGTATG_mid.1.fastq,  216724,Lib_F_TGTATG_mid.2.fastq,  216724,Lib_F_TGTATG_Fwd.1.fastq,  175416,Lib_F_TGTATG_Rev.1.fastq,   40072
Lib_G-ACACAC_round1.1.fastq,  401256,Lib_G-ACACAC_round1.2.fastq,  401256,Lib_G_ACACAC_mid.1.fastq,  318584,Lib_G_ACACAC_mid.2.fastq,  318584,Lib_G_ACACAC_Fwd.1.fastq,  225292,Lib_G_ACACAC_Rev.1.fastq,   91724
Lib_G-ACAGCA_round1.1.fastq,  413932,Lib_G-ACAGCA_round1.2.fastq,  413932,Lib_G_ACAGCA_mid.1.fastq,  316844,Lib_G_ACAGCA_mid.2.fastq,  316844,Lib_G_ACAGCA_Fwd.1.fastq,  226212,Lib_G_ACAGCA_Rev.1.fastq,   88864
Lib_G-ACATGT_round1.1.fastq,  451176,Lib_G-ACATGT_round1.2.fastq,  451176,Lib_G_ACATGT_mid.1.fastq,  367316,Lib_G_ACATGT_mid.2.fastq,  367316,Lib_G_ACATGT_Fwd.1.fastq,  247484,Lib_G_ACATGT_Rev.1.fastq,  117400
Lib_G-ACGACG_round1.1.fastq,  630056,Lib_G-ACGACG_round1.2.fastq,  630056,Lib_G_ACGACG_mid.1.fastq,  518660,Lib_G_ACGACG_mid.2.fastq,  518660,Lib_G_ACGACG_Fwd.1.fastq,  337484,Lib_G_ACGACG_Rev.1.fastq,  178456
Lib_G-ATATCG_round1.1.fastq,  410168,Lib_G-ATATCG_round1.2.fastq,  410168,Lib_G_ATATCG_mid.1.fastq,  313176,Lib_G_ATATCG_mid.2.fastq,  313176,Lib_G_ATATCG_Fwd.1.fastq,  222412,Lib_G_ATATCG_Rev.1.fastq,   88984
Lib_G-ATCAGT_round1.1.fastq,    1032,Lib_G-ATCAGT_round1.2.fastq,    1032,Lib_G_ATCAGT_mid.1.fastq,     468,Lib_G_ATCAGT_mid.2.fastq,     468,Lib_G_ATCAGT_Fwd.1.fastq,     320,Lib_G_ATCAGT_Rev.1.fastq,     136
Lib_G-CGACGC_round1.1.fastq,  540012,Lib_G-CGACGC_round1.2.fastq,  540012,Lib_G_CGACGC_mid.1.fastq,  405852,Lib_G_CGACGC_mid.2.fastq,  405852,Lib_G_CGACGC_Fwd.1.fastq,  254864,Lib_G_CGACGC_Rev.1.fastq,  148640
Lib_G-CTCGCA_round1.1.fastq,     932,Lib_G-CTCGCA_round1.2.fastq,     932,Lib_G_CTCGCA_mid.1.fastq,     472,Lib_G_CTCGCA_mid.2.fastq,     472,Lib_G_CTCGCA_Fwd.1.fastq,     344,Lib_G_CTCGCA_Rev.1.fastq,     116
Lib_G-GATGAC_round1.1.fastq,  448300,Lib_G-GATGAC_round1.2.fastq,  448300,Lib_G_GATGAC_mid.1.fastq,  362732,Lib_G_GATGAC_mid.2.fastq,  362732,Lib_G_GATGAC_Fwd.1.fastq,  269532,Lib_G_GATGAC_Rev.1.fastq,   91544
Lib_G-GCAGTG_round1.1.fastq,  447248,Lib_G-GCAGTG_round1.2.fastq,  447248,Lib_G_GCAGTG_mid.1.fastq,  377432,Lib_G_GCAGTG_mid.2.fastq,  377432,Lib_G_GCAGTG_Fwd.1.fastq,  164676,Lib_G_GCAGTG_Rev.1.fastq,  130748
Lib_G-GCGAGT_round1.1.fastq,  454948,Lib_G-GCGAGT_round1.2.fastq,  454948,Lib_G_GCGAGT_mid.1.fastq,  367640,Lib_G_GCGAGT_mid.2.fastq,  367640,Lib_G_GCGAGT_Fwd.1.fastq,  247956,Lib_G_GCGAGT_Rev.1.fastq,  116412
Lib_G-GCGCTC_round1.1.fastq,    1164,Lib_G-GCGCTC_round1.2.fastq,    1164,Lib_G_GCGCTC_mid.1.fastq,     452,Lib_G_GCGCTC_mid.2.fastq,     452,Lib_G_GCGCTC_Fwd.1.fastq,     320,Lib_G_GCGCTC_Rev.1.fastq,     132
Lib_G-GTCTCT_round1.1.fastq,  494580,Lib_G-GTCTCT_round1.2.fastq,  494580,Lib_G_GTCTCT_mid.1.fastq,  397544,Lib_G_GTCTCT_mid.2.fastq,  397544,Lib_G_GTCTCT_Fwd.1.fastq,  261616,Lib_G_GTCTCT_Rev.1.fastq,  133596
Lib_G-TCGCAT_round1.1.fastq,  391656,Lib_G-TCGCAT_round1.2.fastq,  391656,Lib_G_TCGCAT_mid.1.fastq,  314996,Lib_G_TCGCAT_mid.2.fastq,  314996,Lib_G_TCGCAT_Fwd.1.fastq,  214712,Lib_G_TCGCAT_Rev.1.fastq,   98220
Lib_G-TCGTCA_round1.1.fastq,  461536,Lib_G-TCGTCA_round1.2.fastq,  461536,Lib_G_TCGTCA_mid.1.fastq,  344436,Lib_G_TCGTCA_mid.2.fastq,  344436,Lib_G_TCGTCA_Fwd.1.fastq,  251132,Lib_G_TCGTCA_Rev.1.fastq,   91784
Lib_G-TGTATG_round1.1.fastq,     540,Lib_G-TGTATG_round1.2.fastq,     540,Lib_G_TGTATG_mid.1.fastq,     264,Lib_G_TGTATG_mid.2.fastq,     264,Lib_G_TGTATG_Fwd.1.fastq,     192,Lib_G_TGTATG_Rev.1.fastq,      60
Lib_H-ACACAC_round1.1.fastq,  345872,Lib_H-ACACAC_round1.2.fastq,  345872,Lib_H_ACACAC_mid.1.fastq,  281192,Lib_H_ACACAC_mid.2.fastq,  281192,Lib_H_ACACAC_Fwd.1.fastq,  203988,Lib_H_ACACAC_Rev.1.fastq,   75348
Lib_H-ACAGCA_round1.1.fastq,  392984,Lib_H-ACAGCA_round1.2.fastq,  392984,Lib_H_ACAGCA_mid.1.fastq,  321076,Lib_H_ACAGCA_mid.2.fastq,  321076,Lib_H_ACAGCA_Fwd.1.fastq,  229452,Lib_H_ACAGCA_Rev.1.fastq,   89048
Lib_H-ACATGT_round1.1.fastq,     476,Lib_H-ACATGT_round1.2.fastq,     476,Lib_H_ACATGT_mid.1.fastq,     148,Lib_H_ACATGT_mid.2.fastq,     148,Lib_H_ACATGT_Fwd.1.fastq,     112,Lib_H_ACATGT_Rev.1.fastq,      36
Lib_H-ACGACG_round1.1.fastq,  459672,Lib_H-ACGACG_round1.2.fastq,  459672,Lib_H_ACGACG_mid.1.fastq,  384804,Lib_H_ACGACG_mid.2.fastq,  384804,Lib_H_ACGACG_Fwd.1.fastq,  250464,Lib_H_ACGACG_Rev.1.fastq,  131496
Lib_H-ATATCG_round1.1.fastq,  513404,Lib_H-ATATCG_round1.2.fastq,  513404,Lib_H_ATATCG_mid.1.fastq,  421944,Lib_H_ATATCG_mid.2.fastq,  421944,Lib_H_ATATCG_Fwd.1.fastq,  294352,Lib_H_ATATCG_Rev.1.fastq,  125640
Lib_H-ATCAGT_round1.1.fastq,  490128,Lib_H-ATCAGT_round1.2.fastq,  490128,Lib_H_ATCAGT_mid.1.fastq,  402808,Lib_H_ATCAGT_mid.2.fastq,  402808,Lib_H_ATCAGT_Fwd.1.fastq,  254756,Lib_H_ATCAGT_Rev.1.fastq,  146240
Lib_H-CGACGC_round1.1.fastq,  363720,Lib_H-CGACGC_round1.2.fastq,  363720,Lib_H_CGACGC_mid.1.fastq,  296116,Lib_H_CGACGC_mid.2.fastq,  296116,Lib_H_CGACGC_Fwd.1.fastq,  190912,Lib_H_CGACGC_Rev.1.fastq,  103212
Lib_H-CTCGCA_round1.1.fastq,  376628,Lib_H-CTCGCA_round1.2.fastq,  376628,Lib_H_CTCGCA_mid.1.fastq,  288984,Lib_H_CTCGCA_mid.2.fastq,  288984,Lib_H_CTCGCA_Fwd.1.fastq,  194480,Lib_H_CTCGCA_Rev.1.fastq,   93368
Lib_H-GATGAC_round1.1.fastq,  436568,Lib_H-GATGAC_round1.2.fastq,  436568,Lib_H_GATGAC_mid.1.fastq,  352348,Lib_H_GATGAC_mid.2.fastq,  352348,Lib_H_GATGAC_Fwd.1.fastq,  260208,Lib_H_GATGAC_Rev.1.fastq,   90196
Lib_H-GCAGTG_round1.1.fastq,  389928,Lib_H-GCAGTG_round1.2.fastq,  389928,Lib_H_GCAGTG_mid.1.fastq,  319172,Lib_H_GCAGTG_mid.2.fastq,  319172,Lib_H_GCAGTG_Fwd.1.fastq,  141172,Lib_H_GCAGTG_Rev.1.fastq,  108876
Lib_H-GCGAGT_round1.1.fastq,  536632,Lib_H-GCGAGT_round1.2.fastq,  536632,Lib_H_GCGAGT_mid.1.fastq,  415452,Lib_H_GCGAGT_mid.2.fastq,  415452,Lib_H_GCGAGT_Fwd.1.fastq,  275812,Lib_H_GCGAGT_Rev.1.fastq,  135752
Lib_H-GCGCTC_round1.1.fastq,  391324,Lib_H-GCGCTC_round1.2.fastq,  391324,Lib_H_GCGCTC_mid.1.fastq,  323272,Lib_H_GCGCTC_mid.2.fastq,  323272,Lib_H_GCGCTC_Fwd.1.fastq,  217144,Lib_H_GCGCTC_Rev.1.fastq,  103708
Lib_H-GTCTCT_round1.1.fastq,  444972,Lib_H-GTCTCT_round1.2.fastq,  444972,Lib_H_GTCTCT_mid.1.fastq,  371160,Lib_H_GTCTCT_mid.2.fastq,  371160,Lib_H_GTCTCT_Fwd.1.fastq,  249308,Lib_H_GTCTCT_Rev.1.fastq,  119424
Lib_H-TCGCAT_round1.1.fastq,  396080,Lib_H-TCGCAT_round1.2.fastq,  396080,Lib_H_TCGCAT_mid.1.fastq,  301412,Lib_H_TCGCAT_mid.2.fastq,  301412,Lib_H_TCGCAT_Fwd.1.fastq,  201972,Lib_H_TCGCAT_Rev.1.fastq,   97552
Lib_H-TCGTCA_round1.1.fastq,  378440,Lib_H-TCGTCA_round1.2.fastq,  378440,Lib_H_TCGTCA_mid.1.fastq,  302972,Lib_H_TCGTCA_mid.2.fastq,  302972,Lib_H_TCGTCA_Fwd.1.fastq,  224920,Lib_H_TCGTCA_Rev.1.fastq,   75784
Lib_H-TGTATG_round1.1.fastq,     332,Lib_H-TGTATG_round1.2.fastq,     332,Lib_H_TGTATG_mid.1.fastq,     136,Lib_H_TGTATG_mid.2.fastq,     136,Lib_H_TGTATG_Fwd.1.fastq,     108,Lib_H_TGTATG_Rev.1.fastq,      24
Lib_I-ACACAC_round1.1.fastq,    1112,Lib_I-ACACAC_round1.2.fastq,    1112,Lib_I_ACACAC_mid.1.fastq,     404,Lib_I_ACACAC_mid.2.fastq,     404,Lib_I_ACACAC_Fwd.1.fastq,     300,Lib_I_ACACAC_Rev.1.fastq,      96
Lib_I-ACAGCA_round1.1.fastq,  477716,Lib_I-ACAGCA_round1.2.fastq,  477716,Lib_I_ACAGCA_mid.1.fastq,  381384,Lib_I_ACAGCA_mid.2.fastq,  381384,Lib_I_ACAGCA_Fwd.1.fastq,  276928,Lib_I_ACAGCA_Rev.1.fastq,  102100
Lib_I-ACATGT_round1.1.fastq,     844,Lib_I-ACATGT_round1.2.fastq,     844,Lib_I_ACATGT_mid.1.fastq,     416,Lib_I_ACATGT_mid.2.fastq,     416,Lib_I_ACATGT_Fwd.1.fastq,     272,Lib_I_ACATGT_Rev.1.fastq,     124
Lib_I-ACGACG_round1.1.fastq,  519732,Lib_I-ACGACG_round1.2.fastq,  519732,Lib_I_ACGACG_mid.1.fastq,  424852,Lib_I_ACGACG_mid.2.fastq,  424852,Lib_I_ACGACG_Fwd.1.fastq,  293760,Lib_I_ACGACG_Rev.1.fastq,  128188
Lib_I-ATATCG_round1.1.fastq,  480588,Lib_I-ATATCG_round1.2.fastq,  480588,Lib_I_ATATCG_mid.1.fastq,  373108,Lib_I_ATATCG_mid.2.fastq,  373108,Lib_I_ATATCG_Fwd.1.fastq,  273896,Lib_I_ATATCG_Rev.1.fastq,   97068
Lib_I-ATCAGT_round1.1.fastq,  514912,Lib_I-ATCAGT_round1.2.fastq,  514912,Lib_I_ATCAGT_mid.1.fastq,  411624,Lib_I_ATCAGT_mid.2.fastq,  411624,Lib_I_ATCAGT_Fwd.1.fastq,  282048,Lib_I_ATCAGT_Rev.1.fastq,  127352
Lib_I-CGACGC_round1.1.fastq,     964,Lib_I-CGACGC_round1.2.fastq,     964,Lib_I_CGACGC_mid.1.fastq,     432,Lib_I_CGACGC_mid.2.fastq,     432,Lib_I_CGACGC_Fwd.1.fastq,     300,Lib_I_CGACGC_Rev.1.fastq,     116
Lib_I-CTCGCA_round1.1.fastq,  501180,Lib_I-CTCGCA_round1.2.fastq,  501180,Lib_I_CTCGCA_mid.1.fastq,  288236,Lib_I_CTCGCA_mid.2.fastq,  288236,Lib_I_CTCGCA_Fwd.1.fastq,  206680,Lib_I_CTCGCA_Rev.1.fastq,   79816
Lib_I-GATGAC_round1.1.fastq,  380848,Lib_I-GATGAC_round1.2.fastq,  380848,Lib_I_GATGAC_mid.1.fastq,  298708,Lib_I_GATGAC_mid.2.fastq,  298708,Lib_I_GATGAC_Fwd.1.fastq,  230864,Lib_I_GATGAC_Rev.1.fastq,   66300
Lib_I-GCAGTG_round1.1.fastq,  481920,Lib_I-GCAGTG_round1.2.fastq,  481920,Lib_I_GCAGTG_mid.1.fastq,  394620,Lib_I_GCAGTG_mid.2.fastq,  394620,Lib_I_GCAGTG_Fwd.1.fastq,  182976,Lib_I_GCAGTG_Rev.1.fastq,  125312
Lib_I-GCGAGT_round1.1.fastq,  562564,Lib_I-GCGAGT_round1.2.fastq,  562564,Lib_I_GCGAGT_mid.1.fastq,  430952,Lib_I_GCGAGT_mid.2.fastq,  430952,Lib_I_GCGAGT_Fwd.1.fastq,  300852,Lib_I_GCGAGT_Rev.1.fastq,  126264
Lib_I-GCGCTC_round1.1.fastq,  412304,Lib_I-GCGCTC_round1.2.fastq,  412304,Lib_I_GCGCTC_mid.1.fastq,  340928,Lib_I_GCGCTC_mid.2.fastq,  340928,Lib_I_GCGCTC_Fwd.1.fastq,  241524,Lib_I_GCGCTC_Rev.1.fastq,   97100
Lib_I-GTCTCT_round1.1.fastq,  496584,Lib_I-GTCTCT_round1.2.fastq,  496584,Lib_I_GTCTCT_mid.1.fastq,  414428,Lib_I_GTCTCT_mid.2.fastq,  414428,Lib_I_GTCTCT_Fwd.1.fastq,  287528,Lib_I_GTCTCT_Rev.1.fastq,  123972
Lib_I-TCGCAT_round1.1.fastq,  413544,Lib_I-TCGCAT_round1.2.fastq,  413544,Lib_I_TCGCAT_mid.1.fastq,  336164,Lib_I_TCGCAT_mid.2.fastq,  336164,Lib_I_TCGCAT_Fwd.1.fastq,  237948,Lib_I_TCGCAT_Rev.1.fastq,   95732
Lib_I-TCGTCA_round1.1.fastq,  500776,Lib_I-TCGTCA_round1.2.fastq,  500776,Lib_I_TCGTCA_mid.1.fastq,  373948,Lib_I_TCGTCA_mid.2.fastq,  373948,Lib_I_TCGTCA_Fwd.1.fastq,  282264,Lib_I_TCGTCA_Rev.1.fastq,   89404
Lib_I-TGTATG_round1.1.fastq,    5660,Lib_I-TGTATG_round1.2.fastq,    5660,Lib_I_TGTATG_mid.1.fastq,     240,Lib_I_TGTATG_mid.2.fastq,     240,Lib_I_TGTATG_Fwd.1.fastq,     152,Lib_I_TGTATG_Rev.1.fastq,      68
Lib_J-ACACAC_round1.1.fastq,  216620,Lib_J-ACACAC_round1.2.fastq,  216620,Lib_J_ACACAC_mid.1.fastq,  162828,Lib_J_ACACAC_mid.2.fastq,  162828,Lib_J_ACACAC_Fwd.1.fastq,  117968,Lib_J_ACACAC_Rev.1.fastq,   43828
Lib_J-ACAGCA_round1.1.fastq,  255860,Lib_J-ACAGCA_round1.2.fastq,  255860,Lib_J_ACAGCA_mid.1.fastq,  210724,Lib_J_ACAGCA_mid.2.fastq,  210724,Lib_J_ACAGCA_Fwd.1.fastq,  151488,Lib_J_ACAGCA_Rev.1.fastq,   57724
Lib_J-ACATGT_round1.1.fastq,  291368,Lib_J-ACATGT_round1.2.fastq,  291368,Lib_J_ACATGT_mid.1.fastq,  233448,Lib_J_ACATGT_mid.2.fastq,  233448,Lib_J_ACATGT_Fwd.1.fastq,  156056,Lib_J_ACATGT_Rev.1.fastq,   75792
Lib_J-ACGACG_round1.1.fastq,  251928,Lib_J-ACGACG_round1.2.fastq,  251928,Lib_J_ACGACG_mid.1.fastq,  212864,Lib_J_ACGACG_mid.2.fastq,  212864,Lib_J_ACGACG_Fwd.1.fastq,  142528,Lib_J_ACGACG_Rev.1.fastq,   69044
Lib_J-ATATCG_round1.1.fastq,  274536,Lib_J-ATATCG_round1.2.fastq,  274536,Lib_J_ATATCG_mid.1.fastq,  219192,Lib_J_ATATCG_mid.2.fastq,  219192,Lib_J_ATATCG_Fwd.1.fastq,  155608,Lib_J_ATATCG_Rev.1.fastq,   62268
Lib_J-ATCAGT_round1.1.fastq,  286312,Lib_J-ATCAGT_round1.2.fastq,  286312,Lib_J_ATCAGT_mid.1.fastq,  238584,Lib_J_ATCAGT_mid.2.fastq,  238584,Lib_J_ATCAGT_Fwd.1.fastq,  156712,Lib_J_ATCAGT_Rev.1.fastq,   80472
Lib_J-CGACGC_round1.1.fastq,  205048,Lib_J-CGACGC_round1.2.fastq,  205048,Lib_J_CGACGC_mid.1.fastq,  160708,Lib_J_CGACGC_mid.2.fastq,  160708,Lib_J_CGACGC_Fwd.1.fastq,  105008,Lib_J_CGACGC_Rev.1.fastq,   54908
Lib_J-CTCGCA_round1.1.fastq,  243292,Lib_J-CTCGCA_round1.2.fastq,  243292,Lib_J_CTCGCA_mid.1.fastq,  203200,Lib_J_CTCGCA_mid.2.fastq,  203200,Lib_J_CTCGCA_Fwd.1.fastq,  139492,Lib_J_CTCGCA_Rev.1.fastq,   62688
Lib_J-GATGAC_round1.1.fastq,     240,Lib_J-GATGAC_round1.2.fastq,     240,Lib_J_GATGAC_mid.1.fastq,      68,Lib_J_GATGAC_mid.2.fastq,      68,Lib_J_GATGAC_Fwd.1.fastq,      44,Lib_J_GATGAC_Rev.1.fastq,       8
Lib_J-GCAGTG_round1.1.fastq,  223852,Lib_J-GCAGTG_round1.2.fastq,  223852,Lib_J_GCAGTG_mid.1.fastq,  182128,Lib_J_GCAGTG_mid.2.fastq,  182128,Lib_J_GCAGTG_Fwd.1.fastq,   83276,Lib_J_GCAGTG_Rev.1.fastq,   60008
Lib_J-GCGAGT_round1.1.fastq,  221344,Lib_J-GCGAGT_round1.2.fastq,  221344,Lib_J_GCGAGT_mid.1.fastq,  171544,Lib_J_GCGAGT_mid.2.fastq,  171544,Lib_J_GCGAGT_Fwd.1.fastq,  117236,Lib_J_GCGAGT_Rev.1.fastq,   52760
Lib_J-GCGCTC_round1.1.fastq,  246584,Lib_J-GCGCTC_round1.2.fastq,  246584,Lib_J_GCGCTC_mid.1.fastq,  200904,Lib_J_GCGCTC_mid.2.fastq,  200904,Lib_J_GCGCTC_Fwd.1.fastq,  136896,Lib_J_GCGCTC_Rev.1.fastq,   62716
Lib_J-GTCTCT_round1.1.fastq,  243900,Lib_J-GTCTCT_round1.2.fastq,  243900,Lib_J_GTCTCT_mid.1.fastq,  202816,Lib_J_GTCTCT_mid.2.fastq,  202816,Lib_J_GTCTCT_Fwd.1.fastq,  136272,Lib_J_GTCTCT_Rev.1.fastq,   65224
Lib_J-TCGCAT_round1.1.fastq,  234920,Lib_J-TCGCAT_round1.2.fastq,  234920,Lib_J_TCGCAT_mid.1.fastq,  191696,Lib_J_TCGCAT_mid.2.fastq,  191696,Lib_J_TCGCAT_Fwd.1.fastq,  131028,Lib_J_TCGCAT_Rev.1.fastq,   59504
Lib_J-TCGTCA_round1.1.fastq,  212548,Lib_J-TCGTCA_round1.2.fastq,  212548,Lib_J_TCGTCA_mid.1.fastq,  164992,Lib_J_TCGTCA_mid.2.fastq,  164992,Lib_J_TCGTCA_Fwd.1.fastq,  124136,Lib_J_TCGTCA_Rev.1.fastq,   39924
Lib_J-TGTATG_round1.1.fastq,  253100,Lib_J-TGTATG_round1.2.fastq,  253100,Lib_J_TGTATG_mid.1.fastq,  214380,Lib_J_TGTATG_mid.2.fastq,  214380,Lib_J_TGTATG_Fwd.1.fastq,  152852,Lib_J_TGTATG_Rev.1.fastq,   59864
Lib_K-ACACAC_round1.1.fastq,  326780,Lib_K-ACACAC_round1.2.fastq,  326780,Lib_K_ACACAC_mid.1.fastq,  252636,Lib_K_ACACAC_mid.2.fastq,  252636,Lib_K_ACACAC_Fwd.1.fastq,  177936,Lib_K_ACACAC_Rev.1.fastq,   73040
Lib_K-ACAGCA_round1.1.fastq,  262300,Lib_K-ACAGCA_round1.2.fastq,  262300,Lib_K_ACAGCA_mid.1.fastq,  213124,Lib_K_ACAGCA_mid.2.fastq,  213124,Lib_K_ACAGCA_Fwd.1.fastq,  148948,Lib_K_ACAGCA_Rev.1.fastq,   62532
Lib_K-ACATGT_round1.1.fastq,  382884,Lib_K-ACATGT_round1.2.fastq,  382884,Lib_K_ACATGT_mid.1.fastq,  306328,Lib_K_ACATGT_mid.2.fastq,  306328,Lib_K_ACATGT_Fwd.1.fastq,  200240,Lib_K_ACATGT_Rev.1.fastq,  103856
Lib_K-ACGACG_round1.1.fastq,  372480,Lib_K-ACGACG_round1.2.fastq,  372480,Lib_K_ACGACG_mid.1.fastq,  319100,Lib_K_ACGACG_mid.2.fastq,  319100,Lib_K_ACGACG_Fwd.1.fastq,  206968,Lib_K_ACGACG_Rev.1.fastq,  109892
Lib_K-ATATCG_round1.1.fastq,  322804,Lib_K-ATATCG_round1.2.fastq,  322804,Lib_K_ATATCG_mid.1.fastq,  268280,Lib_K_ATATCG_mid.2.fastq,  268280,Lib_K_ATATCG_Fwd.1.fastq,  186196,Lib_K_ATATCG_Rev.1.fastq,   80528
Lib_K-ATCAGT_round1.1.fastq,  409096,Lib_K-ATCAGT_round1.2.fastq,  409096,Lib_K_ATCAGT_mid.1.fastq,  338508,Lib_K_ATCAGT_mid.2.fastq,  338508,Lib_K_ATCAGT_Fwd.1.fastq,  213940,Lib_K_ATCAGT_Rev.1.fastq,  122392
Lib_K-CGACGC_round1.1.fastq,  344864,Lib_K-CGACGC_round1.2.fastq,  344864,Lib_K_CGACGC_mid.1.fastq,  270708,Lib_K_CGACGC_mid.2.fastq,  270708,Lib_K_CGACGC_Fwd.1.fastq,  169696,Lib_K_CGACGC_Rev.1.fastq,   99452
Lib_K-CTCGCA_round1.1.fastq,  440404,Lib_K-CTCGCA_round1.2.fastq,  440404,Lib_K_CTCGCA_mid.1.fastq,  365028,Lib_K_CTCGCA_mid.2.fastq,  365028,Lib_K_CTCGCA_Fwd.1.fastq,  243504,Lib_K_CTCGCA_Rev.1.fastq,  119328
Lib_K-GATGAC_round1.1.fastq,     168,Lib_K-GATGAC_round1.2.fastq,     168,Lib_K_GATGAC_mid.1.fastq,      44,Lib_K_GATGAC_mid.2.fastq,      44,Lib_K_GATGAC_Fwd.1.fastq,      36,Lib_K_GATGAC_Rev.1.fastq,       8
Lib_K-GCAGTG_round1.1.fastq,  318012,Lib_K-GCAGTG_round1.2.fastq,  318012,Lib_K_GCAGTG_mid.1.fastq,  267604,Lib_K_GCAGTG_mid.2.fastq,  267604,Lib_K_GCAGTG_Fwd.1.fastq,  115228,Lib_K_GCAGTG_Rev.1.fastq,   94816
Lib_K-GCGAGT_round1.1.fastq,  244644,Lib_K-GCGAGT_round1.2.fastq,  244644,Lib_K_GCGAGT_mid.1.fastq,  190520,Lib_K_GCGAGT_mid.2.fastq,  190520,Lib_K_GCGAGT_Fwd.1.fastq,  126200,Lib_K_GCGAGT_Rev.1.fastq,   62836
Lib_K-GCGCTC_round1.1.fastq,  313248,Lib_K-GCGCTC_round1.2.fastq,  313248,Lib_K_GCGCTC_mid.1.fastq,  252524,Lib_K_GCGCTC_mid.2.fastq,  252524,Lib_K_GCGCTC_Fwd.1.fastq,  167764,Lib_K_GCGCTC_Rev.1.fastq,   82764
Lib_K-GTCTCT_round1.1.fastq,  390744,Lib_K-GTCTCT_round1.2.fastq,  390744,Lib_K_GTCTCT_mid.1.fastq,  320884,Lib_K_GTCTCT_mid.2.fastq,  320884,Lib_K_GTCTCT_Fwd.1.fastq,  207936,Lib_K_GTCTCT_Rev.1.fastq,  110640
Lib_K-TCGCAT_round1.1.fastq,  316932,Lib_K-TCGCAT_round1.2.fastq,  316932,Lib_K_TCGCAT_mid.1.fastq,  252664,Lib_K_TCGCAT_mid.2.fastq,  252664,Lib_K_TCGCAT_Fwd.1.fastq,  165716,Lib_K_TCGCAT_Rev.1.fastq,   85100
Lib_K-TCGTCA_round1.1.fastq,  376120,Lib_K-TCGTCA_round1.2.fastq,  376120,Lib_K_TCGTCA_mid.1.fastq,  297216,Lib_K_TCGTCA_mid.2.fastq,  297216,Lib_K_TCGTCA_Fwd.1.fastq,  221544,Lib_K_TCGTCA_Rev.1.fastq,   74148
Lib_K-TGTATG_round1.1.fastq,  389452,Lib_K-TGTATG_round1.2.fastq,  389452,Lib_K_TGTATG_mid.1.fastq,  321888,Lib_K_TGTATG_mid.2.fastq,  321888,Lib_K_TGTATG_Fwd.1.fastq,  219980,Lib_K_TGTATG_Rev.1.fastq,   99956
